condition,seed,t_env,test_total_return_mean,total_return_mean,test_ep_length_mean
hebb_s_nocomm,0,50000,0.0639,0.0507,50.0
hebb_s_nocomm,0,100000,0.0319,0.0,50.0
hebb_s_nocomm,0,150000,0.0213,0.0,50.0
hebb_s_nocomm,0,200000,0.016,0.0,50.0
hebb_s_nocomm,0,250000,0.0128,0.0,50.0
hebb_s_nocomm,0,300000,0.0,0.0006,50.0
hebb_s_nocomm,0,350000,0.0019,0.0073,50.0
hebb_s_nocomm,0,400000,0.0038,0.0077,50.0
hebb_s_nocomm,0,450000,0.0057,0.0062,50.0
hebb_s_nocomm,0,500000,0.0088,0.0103,50.0
hebb_s_nocomm,0,550000,0.0111,0.0059,50.0
hebb_s_nocomm,0,600000,0.0106,0.0079,50.0
hebb_s_nocomm,0,650000,0.0106,0.0041,50.0
hebb_s_nocomm,0,700000,0.0087,0.0079,50.0
hebb_s_nocomm,0,750000,0.0061,0.001,50.0
hebb_s_nocomm,0,800000,0.0038,0.0007,50.0
hebb_s_nocomm,0,850000,0.0024,0.0,50.0
hebb_s_nocomm,0,900000,0.0005,0.0,50.0
hebb_s_nocomm,0,950000,0.0005,0.0,50.0
hebb_s_nocomm,0,1000000,0.0,0.0,50.0
hebb_s_nocomm,0,1050000,0.0,0.0,50.0
hebb_s_nocomm,0,1100000,0.0,0.0039,50.0
hebb_s_nocomm,0,1150000,0.001,0.0086,50.0
hebb_s_nocomm,0,1200000,0.0015,0.0075,50.0
hebb_s_nocomm,0,1250000,0.003,0.0058,50.0
hebb_s_nocomm,0,1300000,0.0037,0.0054,50.0
hebb_s_nocomm,0,1350000,0.0071,0.0023,50.0
hebb_s_nocomm,0,1400000,0.0062,0.0049,50.0
hebb_s_nocomm,0,1450000,0.0088,0.0079,50.0
hebb_s_nocomm,0,1500000,0.0091,0.0102,50.0
hebb_s_nocomm,0,1550000,0.0099,0.0094,50.0
hebb_s_nocomm,0,1600000,0.0066,0.0116,50.0
hebb_s_nocomm,0,1650000,0.0069,0.0081,50.0
hebb_s_nocomm,0,1700000,0.0069,0.0083,50.0
hebb_s_nocomm,0,1750000,0.0086,0.0089,50.0
hebb_s_nocomm,0,1800000,0.0112,0.0085,50.0
hebb_s_nocomm,0,1850000,0.0125,0.0102,50.0
hebb_s_nocomm,0,1900000,0.0133,0.0083,50.0
hebb_s_nocomm,0,1950000,0.0116,0.0088,50.0
hebb_s_nocomm,0,2000000,0.0099,0.01,50.0
hebb_s_nocomm,0,2050000,0.0072,0.0064,50.0
hebb_s_nocomm,0,2100000,0.006,0.0073,50.0
hebb_s_nocomm,0,2150000,0.0062,0.0059,50.0
hebb_s_nocomm,0,2200000,0.0067,0.006,50.0
hebb_s_nocomm,0,2250000,0.0077,0.0078,50.0
hebb_s_nocomm,0,2300000,0.0084,0.0075,50.0
hebb_s_nocomm,0,2350000,0.0099,0.0095,50.0
hebb_s_nocomm,0,2400000,0.0085,0.0087,50.0
hebb_s_nocomm,0,2450000,0.008,0.0094,50.0
hebb_s_nocomm,0,2500000,0.0063,0.0069,50.0
hebb_s_nocomm,0,2550000,0.0081,0.0079,50.0
hebb_s_nocomm,0,2600000,0.0103,0.0068,50.0
hebb_s_nocomm,0,2650000,0.0118,0.0083,50.0
hebb_s_nocomm,0,2700000,0.013,0.0099,50.0
hebb_s_nocomm,0,2750000,0.0142,0.0096,50.0
hebb_s_nocomm,0,2800000,0.0114,0.0063,50.0
hebb_s_nocomm,0,2850000,0.0086,0.0072,50.0
hebb_s_nocomm,0,2900000,0.0088,0.0094,50.0
hebb_s_nocomm,0,2950000,0.0068,0.0095,50.0
hebb_s_nocomm,0,3000000,0.0072,0.0071,50.0
hebb_s_nocomm,1,50000,0.0766,0.0421,50.0
hebb_s_nocomm,1,100000,0.0383,0.0,50.0
hebb_s_nocomm,1,150000,0.0255,0.0,50.0
hebb_s_nocomm,1,200000,0.0192,0.0,50.0
hebb_s_nocomm,1,250000,0.0153,0.0,50.0
hebb_s_nocomm,1,300000,0.0,0.0,50.0
hebb_s_nocomm,1,350000,0.0,0.0,50.0
hebb_s_nocomm,1,400000,0.0,0.002,50.0
hebb_s_nocomm,1,450000,0.0012,0.0021,50.0
hebb_s_nocomm,1,500000,0.0012,0.0,50.0
hebb_s_nocomm,1,550000,0.0012,0.0,50.0
hebb_s_nocomm,1,600000,0.0012,0.0,50.0
hebb_s_nocomm,1,650000,0.0012,0.0032,50.0
hebb_s_nocomm,1,700000,0.0032,0.0053,50.0
hebb_s_nocomm,1,750000,0.0039,0.0059,50.0
hebb_s_nocomm,1,800000,0.0061,0.0103,50.0
hebb_s_nocomm,1,850000,0.008,0.0085,50.0
hebb_s_nocomm,1,900000,0.0089,0.0063,50.0
hebb_s_nocomm,1,950000,0.008,0.0113,50.0
hebb_s_nocomm,1,1000000,0.0087,0.0195,50.0
hebb_s_nocomm,1,1050000,0.0106,0.0181,50.0
hebb_s_nocomm,1,1100000,0.0127,0.0146,50.0
hebb_s_nocomm,1,1150000,0.0149,0.0197,50.0
hebb_s_nocomm,1,1200000,0.0137,0.0153,50.0
hebb_s_nocomm,1,1250000,0.0162,0.0141,50.0
hebb_s_nocomm,1,1300000,0.0157,0.018,50.0
hebb_s_nocomm,1,1350000,0.017,0.0191,50.0
hebb_s_nocomm,1,1400000,0.0163,0.0125,50.0
hebb_s_nocomm,1,1450000,0.018,0.0172,50.0
hebb_s_nocomm,1,1500000,0.0177,0.0201,50.0
hebb_s_nocomm,1,1550000,0.0157,0.0148,50.0
hebb_s_nocomm,1,1600000,0.0128,0.0191,50.0
hebb_s_nocomm,1,1650000,0.0126,0.0198,50.0
hebb_s_nocomm,1,1700000,0.0132,0.0156,50.0
hebb_s_nocomm,1,1750000,0.0123,0.0188,50.0
hebb_s_nocomm,1,1800000,0.0154,0.0177,50.0
hebb_s_nocomm,1,1850000,0.0174,0.015,50.0
hebb_s_nocomm,1,1900000,0.0173,0.0193,50.0
hebb_s_nocomm,1,1950000,0.0178,0.0182,50.0
hebb_s_nocomm,1,2000000,0.0184,0.0195,50.0
hebb_s_nocomm,1,2050000,0.019,0.0152,50.0
hebb_s_nocomm,1,2100000,0.0181,0.0161,50.0
hebb_s_nocomm,1,2150000,0.0188,0.0184,50.0
hebb_s_nocomm,1,2200000,0.019,0.0189,50.0
hebb_s_nocomm,1,2250000,0.0188,0.0177,50.0
hebb_s_nocomm,1,2300000,0.0157,0.0145,50.0
hebb_s_nocomm,1,2350000,0.0169,0.0133,50.0
hebb_s_nocomm,1,2400000,0.0167,0.0195,50.0
hebb_s_nocomm,1,2450000,0.0144,0.0159,50.0
hebb_s_nocomm,1,2500000,0.0166,0.0139,50.0
hebb_s_nocomm,1,2550000,0.0179,0.0179,50.0
hebb_s_nocomm,1,2600000,0.0168,0.0145,50.0
hebb_s_nocomm,1,2650000,0.02,0.0206,50.0
hebb_s_nocomm,1,2700000,0.0219,0.0194,50.0
hebb_s_nocomm,1,2750000,0.0194,0.0151,50.0
hebb_s_nocomm,1,2800000,0.0217,0.0167,50.0
hebb_s_nocomm,1,2850000,0.0229,0.0169,50.0
hebb_s_nocomm,1,2900000,0.0191,0.0117,50.0
hebb_s_nocomm,1,2950000,0.0176,0.0182,50.0
hebb_s_nocomm,1,3000000,0.0174,0.0168,50.0
hebb_s_nocomm,2,50000,0.0771,0.0227,50.0
hebb_s_nocomm,2,100000,0.0516,0.0301,50.0
hebb_s_nocomm,2,150000,0.0475,0.0073,50.0
hebb_s_nocomm,2,200000,0.0356,0.0,50.0
hebb_s_nocomm,2,250000,0.0285,0.0,50.0
hebb_s_nocomm,2,300000,0.0131,0.0,50.0
hebb_s_nocomm,2,350000,0.0079,0.0,50.0
hebb_s_nocomm,2,400000,0.0,0.0,50.0
hebb_s_nocomm,2,450000,0.0,0.0,50.0
hebb_s_nocomm,2,500000,0.0,0.0,50.0
hebb_s_nocomm,2,550000,0.0,0.0,50.0
hebb_s_nocomm,2,600000,0.0,0.0,50.0
hebb_s_nocomm,2,650000,0.0,0.0,50.0
hebb_s_nocomm,2,700000,0.0,0.0,50.0
hebb_s_nocomm,2,750000,0.0,0.0,50.0
hebb_s_nocomm,2,800000,0.0,0.0,50.0
hebb_s_nocomm,2,850000,0.0,0.0,50.0
hebb_s_nocomm,2,900000,0.0,0.0,50.0
hebb_s_nocomm,2,950000,0.0,0.0,50.0
hebb_s_nocomm,2,1000000,0.0,0.0016,50.0
hebb_s_nocomm,2,1050000,0.0,0.0003,50.0
hebb_s_nocomm,2,1100000,0.0,0.0,50.0
hebb_s_nocomm,2,1150000,0.0,0.0,50.0
hebb_s_nocomm,2,1200000,0.0,0.0052,50.0
hebb_s_nocomm,2,1250000,0.0019,0.0068,50.0
hebb_s_nocomm,2,1300000,0.0035,0.0093,50.0
hebb_s_nocomm,2,1350000,0.0056,0.0085,50.0
hebb_s_nocomm,2,1400000,0.0064,0.0085,50.0
hebb_s_nocomm,2,1450000,0.0074,0.0053,50.0
hebb_s_nocomm,2,1500000,0.0062,0.0064,50.0
hebb_s_nocomm,2,1550000,0.0055,0.0044,50.0
hebb_s_nocomm,2,1600000,0.0034,0.0008,50.0
hebb_s_nocomm,2,1650000,0.0032,0.0044,50.0
hebb_s_nocomm,2,1700000,0.0021,0.0031,50.0
hebb_s_nocomm,2,1750000,0.0014,0.0,50.0
hebb_s_nocomm,2,1800000,0.0005,0.0,50.0
hebb_s_nocomm,2,1850000,0.0005,0.0,50.0
hebb_s_nocomm,2,1900000,0.0,0.0,50.0
hebb_s_nocomm,2,1950000,0.0,0.0,50.0
hebb_s_nocomm,2,2000000,0.0,0.0001,50.0
hebb_s_nocomm,2,2050000,0.0,0.0005,50.0
hebb_s_nocomm,2,2100000,0.0,0.0,50.0
hebb_s_nocomm,2,2150000,0.0,0.0,50.0
hebb_s_nocomm,2,2200000,0.0,0.0,50.0
hebb_s_nocomm,2,2250000,0.0,0.0,50.0
hebb_s_nocomm,2,2300000,0.0,0.0,50.0
hebb_s_nocomm,2,2350000,0.0,0.0,50.0
hebb_s_nocomm,2,2400000,0.0,0.0,50.0
hebb_s_nocomm,2,2450000,0.0,0.0,50.0
hebb_s_nocomm,2,2500000,0.0,0.0,50.0
hebb_s_nocomm,2,2550000,0.0,0.0,50.0
hebb_s_nocomm,2,2600000,0.0,0.0004,50.0
hebb_s_nocomm,2,2650000,0.0,0.0,50.0
hebb_s_nocomm,2,2700000,0.0,0.0,50.0
hebb_s_nocomm,2,2750000,0.0003,0.0009,50.0
hebb_s_nocomm,2,2800000,0.0003,0.0,50.0
hebb_s_nocomm,2,2850000,0.0003,0.0003,50.0
hebb_s_nocomm,2,2900000,0.0003,0.0,50.0
hebb_s_nocomm,2,2950000,0.0003,0.0,50.0
hebb_s_nocomm,2,3000000,0.0,0.0001,50.0
hebb_s_nocomm,3,50000,0.0902,0.0312,50.0
hebb_s_nocomm,3,100000,0.0451,0.0,50.0
hebb_s_nocomm,3,150000,0.0301,0.0,50.0
hebb_s_nocomm,3,200000,0.0225,0.0025,50.0
hebb_s_nocomm,3,250000,0.0196,0.018,50.0
hebb_s_nocomm,3,300000,0.0035,0.0184,50.0
hebb_s_nocomm,3,350000,0.0066,0.0149,50.0
hebb_s_nocomm,3,400000,0.0066,0.0,50.0
hebb_s_nocomm,3,450000,0.0066,0.0,50.0
hebb_s_nocomm,3,500000,0.005,0.0,50.0
hebb_s_nocomm,3,550000,0.0031,0.0,50.0
hebb_s_nocomm,3,600000,0.0,0.0,50.0
hebb_s_nocomm,3,650000,0.0,0.0,50.0
hebb_s_nocomm,3,700000,0.0,0.0,50.0
hebb_s_nocomm,3,750000,0.0,0.0,50.0
hebb_s_nocomm,3,800000,0.0,0.0,50.0
hebb_s_nocomm,3,850000,0.0,0.0,50.0
hebb_s_nocomm,3,900000,0.0,0.0,50.0
hebb_s_nocomm,3,950000,0.0,0.0,50.0
hebb_s_nocomm,3,1000000,0.0,0.0,50.0
hebb_s_nocomm,3,1050000,0.0,0.0,50.0
hebb_s_nocomm,3,1100000,0.0,0.0,50.0
hebb_s_nocomm,3,1150000,0.0,0.0,50.0
hebb_s_nocomm,3,1200000,0.0,0.0,50.0
hebb_s_nocomm,3,1250000,0.0,0.0,50.0
hebb_s_nocomm,3,1300000,0.0,0.0,50.0
hebb_s_nocomm,3,1350000,0.0,0.0,50.0
hebb_s_nocomm,3,1400000,0.0,0.0,50.0
hebb_s_nocomm,3,1450000,0.0,0.0,50.0
hebb_s_nocomm,3,1500000,0.0,0.0,50.0
hebb_s_nocomm,3,1550000,0.0,0.0,50.0
hebb_s_nocomm,3,1600000,0.0,0.0,50.0
hebb_s_nocomm,3,1650000,0.0,0.0,50.0
hebb_s_nocomm,3,1700000,0.0,0.0,50.0
hebb_s_nocomm,3,1750000,0.0,0.0,50.0
hebb_s_nocomm,3,1800000,0.0,0.0,50.0
hebb_s_nocomm,3,1850000,0.0,0.0,50.0
hebb_s_nocomm,3,1900000,0.0,0.0053,50.0
hebb_s_nocomm,3,1950000,0.0014,0.0087,50.0
hebb_s_nocomm,3,2000000,0.0028,0.0094,50.0
hebb_s_nocomm,3,2050000,0.0063,0.0097,50.0
hebb_s_nocomm,3,2100000,0.0087,0.0096,50.0
hebb_s_nocomm,3,2150000,0.0115,0.0092,50.0
hebb_s_nocomm,3,2200000,0.0154,0.0142,50.0
hebb_s_nocomm,3,2250000,0.0146,0.0085,50.0
hebb_s_nocomm,3,2300000,0.0121,0.01,50.0
hebb_s_nocomm,3,2350000,0.0105,0.0092,50.0
hebb_s_nocomm,3,2400000,0.0095,0.0084,50.0
hebb_s_nocomm,3,2450000,0.0059,0.0094,50.0
hebb_s_nocomm,3,2500000,0.0063,0.0108,50.0
hebb_s_nocomm,3,2550000,0.0077,0.0093,50.0
hebb_s_nocomm,3,2600000,0.0084,0.0062,50.0
hebb_s_nocomm,3,2650000,0.0082,0.0085,50.0
hebb_s_nocomm,3,2700000,0.0068,0.0071,50.0
hebb_s_nocomm,3,2750000,0.0079,0.0079,50.0
hebb_s_nocomm,3,2800000,0.0077,0.011,50.0
hebb_s_nocomm,3,2850000,0.0072,0.0102,50.0
hebb_s_nocomm,3,2900000,0.0064,0.0087,50.0
hebb_s_nocomm,3,2950000,0.0072,0.0145,50.0
hebb_s_nocomm,3,3000000,0.0092,0.0122,50.0
hebb_s_nocomm,4,50000,0.0395,0.0067,50.0
hebb_s_nocomm,4,100000,0.0198,0.0003,50.0
hebb_s_nocomm,4,150000,0.0132,0.0,50.0
hebb_s_nocomm,4,200000,0.0099,0.0,50.0
hebb_s_nocomm,4,250000,0.0079,0.0,50.0
hebb_s_nocomm,4,300000,0.0,0.0031,50.0
hebb_s_nocomm,4,350000,0.0025,0.0102,50.0
hebb_s_nocomm,4,400000,0.0038,0.0074,50.0
hebb_s_nocomm,4,450000,0.005,0.0071,50.0
hebb_s_nocomm,4,500000,0.005,0.0,50.0
hebb_s_nocomm,4,550000,0.005,0.0,50.0
hebb_s_nocomm,4,600000,0.0025,0.0,50.0
hebb_s_nocomm,4,650000,0.0012,0.0,50.0
hebb_s_nocomm,4,700000,0.0,0.0,50.0
hebb_s_nocomm,4,750000,0.0,0.0,50.0
hebb_s_nocomm,4,800000,0.0,0.0,50.0
hebb_s_nocomm,4,850000,0.0,0.0,50.0
hebb_s_nocomm,4,900000,0.0,0.0,50.0
hebb_s_nocomm,4,950000,0.0,0.0,50.0
hebb_s_nocomm,4,1000000,0.0,0.0,50.0
hebb_s_nocomm,4,1050000,0.0,0.0,50.0
hebb_s_nocomm,4,1100000,0.0,0.0,50.0
hebb_s_nocomm,4,1150000,0.0,0.0,50.0
hebb_s_nocomm,4,1200000,0.0,0.0,50.0
hebb_s_nocomm,4,1250000,0.0,0.0,50.0
hebb_s_nocomm,4,1300000,0.0,0.0,50.0
hebb_s_nocomm,4,1350000,0.0,0.0,50.0
hebb_s_nocomm,4,1400000,0.0,0.0,50.0
hebb_s_nocomm,4,1450000,0.0,0.0,50.0
hebb_s_nocomm,4,1500000,0.0,0.0,50.0
hebb_s_nocomm,4,1550000,0.0,0.0,50.0
hebb_s_nocomm,4,1600000,0.0,0.0,50.0
hebb_s_nocomm,4,1650000,0.0,0.0,50.0
hebb_s_nocomm,4,1700000,0.0,0.0,50.0
hebb_s_nocomm,4,1750000,0.0,0.0,50.0
hebb_s_nocomm,4,1800000,0.0,0.0,50.0
hebb_s_nocomm,4,1850000,0.0,0.0,50.0
hebb_s_nocomm,4,1900000,0.0,0.0,50.0
hebb_s_nocomm,4,1950000,0.0,0.0,50.0
hebb_s_nocomm,4,2000000,0.0,0.0,50.0
hebb_s_nocomm,4,2050000,0.0,0.0,50.0
hebb_s_nocomm,4,2100000,0.0,0.0,50.0
hebb_s_nocomm,4,2150000,0.0,0.0,50.0
hebb_s_nocomm,4,2200000,0.0,0.0,50.0
hebb_s_nocomm,4,2250000,0.0,0.0,50.0
hebb_s_nocomm,4,2300000,0.0,0.0,50.0
hebb_s_nocomm,4,2350000,0.0,0.0,50.0
hebb_s_nocomm,4,2400000,0.0,0.0,50.0
hebb_s_nocomm,4,2450000,0.0,0.0,50.0
hebb_s_nocomm,4,2500000,0.0,0.0,50.0
hebb_s_nocomm,4,2550000,0.0,0.0,50.0
hebb_s_nocomm,4,2600000,0.0,0.0,50.0
hebb_s_nocomm,4,2650000,0.0,0.0,50.0
hebb_s_nocomm,4,2700000,0.0,0.0,50.0
hebb_s_nocomm,4,2750000,0.0,0.0,50.0
hebb_s_nocomm,4,2800000,0.0,0.0,50.0
hebb_s_nocomm,4,2850000,0.0,0.0,50.0
hebb_s_nocomm,4,2900000,0.0,0.0,50.0
hebb_s_nocomm,4,2950000,0.0,0.0,50.0
hebb_s_nocomm,4,3000000,0.0,0.0,50.0
hebb_s,0,50000,0.0639,0.0497,50.0
hebb_s,0,100000,0.0319,0.0,50.0
hebb_s,0,150000,0.0213,0.0,50.0
hebb_s,0,200000,0.016,0.0,50.0
hebb_s,0,250000,0.0128,0.0044,50.0
hebb_s,0,300000,0.0023,0.0122,50.0
hebb_s,0,350000,0.0041,0.01,50.0
hebb_s,0,400000,0.0056,0.0021,50.0
hebb_s,0,450000,0.0056,0.0,50.0
hebb_s,0,500000,0.0056,0.0,50.0
hebb_s,0,550000,0.0033,0.0,50.0
hebb_s,0,600000,0.0015,0.0,50.0
hebb_s,0,650000,0.0,0.0,50.0
hebb_s,0,700000,0.0,0.0,50.0
hebb_s,0,750000,0.0,0.0,50.0
hebb_s,0,800000,0.0,0.0,50.0
hebb_s,0,850000,0.0,0.0,50.0
hebb_s,0,900000,0.0,0.0,50.0
hebb_s,0,950000,0.0,0.0,50.0
hebb_s,0,1000000,0.0,0.0,50.0
hebb_s,0,1050000,0.0,0.0,50.0
hebb_s,0,1100000,0.0,0.0,50.0
hebb_s,0,1150000,0.0,0.0,50.0
hebb_s,0,1200000,0.0,0.0,50.0
hebb_s,0,1250000,0.0,0.0,50.0
hebb_s,0,1300000,0.0,0.0,50.0
hebb_s,0,1350000,0.0,0.0,50.0
hebb_s,0,1400000,0.0,0.0,50.0
hebb_s,0,1450000,0.0,0.0,50.0
hebb_s,0,1500000,0.0,0.0,50.0
hebb_s,0,1550000,0.0,0.0,50.0
hebb_s,0,1600000,0.0,0.0,50.0
hebb_s,0,1650000,0.0,0.0011,50.0
hebb_s,0,1700000,0.0,0.0005,50.0
hebb_s,0,1750000,0.0005,0.003,50.0
hebb_s,0,1800000,0.0014,0.0067,50.0
hebb_s,0,1850000,0.0018,0.002,50.0
hebb_s,0,1900000,0.0035,0.0078,50.0
hebb_s,0,1950000,0.0045,0.0079,50.0
hebb_s,0,2000000,0.004,0.0015,50.0
hebb_s,0,2050000,0.0031,0.0,50.0
hebb_s,0,2100000,0.0027,0.0001,50.0
hebb_s,0,2150000,0.0017,0.0008,50.0
hebb_s,0,2200000,0.0007,0.0,50.0
hebb_s,0,2250000,0.0007,0.0,50.0
hebb_s,0,2300000,0.0007,0.0,50.0
hebb_s,0,2350000,0.0007,0.0,50.0
hebb_s,0,2400000,0.0,0.0,50.0
hebb_s,0,2450000,0.0,0.0,50.0
hebb_s,0,2500000,0.0,0.0,50.0
hebb_s,0,2550000,0.0,0.0,50.0
hebb_s,0,2600000,0.0,0.0,50.0
hebb_s,0,2650000,0.0,0.0,50.0
hebb_s,0,2700000,0.0,0.0,50.0
hebb_s,0,2750000,0.0,0.0,50.0
hebb_s,0,2800000,0.0,0.0,50.0
hebb_s,0,2850000,0.0,0.0,50.0
hebb_s,0,2900000,0.0,0.0,50.0
hebb_s,0,2950000,0.0,0.0,50.0
hebb_s,0,3000000,0.0,0.0,50.0
hebb_s,1,50000,0.0766,0.0536,50.0
hebb_s,1,100000,0.0486,0.0312,50.0
hebb_s,1,150000,0.04,0.0315,50.0
hebb_s,1,200000,0.0386,0.0246,50.0
hebb_s,1,250000,0.0361,0.0309,50.0
hebb_s,1,300000,0.0249,0.0266,50.0
hebb_s,1,350000,0.0272,0.0298,49.904
hebb_s,1,400000,0.026,0.0226,49.904
hebb_s,1,450000,0.0191,0.0,49.904
hebb_s,1,500000,0.0139,0.0,49.904
hebb_s,1,550000,0.0098,0.0,49.904
hebb_s,1,600000,0.0033,0.0,50.0
hebb_s,1,650000,0.0,0.0,50.0
hebb_s,1,700000,0.0,0.0,50.0
hebb_s,1,750000,0.0,0.0,50.0
hebb_s,1,800000,0.0,0.0,50.0
hebb_s,1,850000,0.0,0.0,50.0
hebb_s,1,900000,0.0,0.0,50.0
hebb_s,1,950000,0.0,0.0,50.0
hebb_s,1,1000000,0.0,0.0,50.0
hebb_s,1,1050000,0.0,0.0,50.0
hebb_s,1,1100000,0.0,0.0,50.0
hebb_s,1,1150000,0.0,0.0,50.0
hebb_s,1,1200000,0.0,0.0,50.0
hebb_s,1,1250000,0.0,0.0,50.0
hebb_s,1,1300000,0.0,0.0,50.0
hebb_s,1,1350000,0.0,0.0,50.0
hebb_s,1,1400000,0.0,0.0,50.0
hebb_s,1,1450000,0.0,0.0,50.0
hebb_s,1,1500000,0.0,0.0,50.0
hebb_s,1,1550000,0.0,0.0,50.0
hebb_s,1,1600000,0.0,0.0,50.0
hebb_s,1,1650000,0.0,0.0,50.0
hebb_s,1,1700000,0.0,0.0,50.0
hebb_s,1,1750000,0.0,0.0,50.0
hebb_s,1,1800000,0.0,0.0,50.0
hebb_s,1,1850000,0.0,0.0,50.0
hebb_s,1,1900000,0.0,0.0,50.0
hebb_s,1,1950000,0.0,0.0,50.0
hebb_s,1,2000000,0.0,0.0,50.0
hebb_s,1,2050000,0.0,0.0,50.0
hebb_s,1,2100000,0.0,0.0,50.0
hebb_s,1,2150000,0.0,0.0,50.0
hebb_s,1,2200000,0.0,0.0,50.0
hebb_s,1,2250000,0.0,0.0,50.0
hebb_s,1,2300000,0.0,0.0,50.0
hebb_s,1,2350000,0.0,0.0,50.0
hebb_s,1,2400000,0.0,0.0,50.0
hebb_s,1,2450000,0.0,0.0,50.0
hebb_s,1,2500000,0.0,0.0,50.0
hebb_s,1,2550000,0.0,0.0,50.0
hebb_s,1,2600000,0.0,0.0,50.0
hebb_s,1,2650000,0.0,0.0,50.0
hebb_s,1,2700000,0.0,0.0,50.0
hebb_s,1,2750000,0.0,0.0,50.0
hebb_s,1,2800000,0.0,0.0,50.0
hebb_s,1,2850000,0.0,0.0,50.0
hebb_s,1,2900000,0.0,0.0,50.0
hebb_s,1,2950000,0.0,0.0,50.0
hebb_s,1,3000000,0.0,0.0,50.0
hebb_s,2,50000,0.0771,0.012,50.0
hebb_s,2,100000,0.0386,0.0,50.0
hebb_s,2,150000,0.0257,0.0,50.0
hebb_s,2,200000,0.0193,0.0,50.0
hebb_s,2,250000,0.0154,0.0,50.0
hebb_s,2,300000,0.0,0.0,50.0
hebb_s,2,350000,0.0,0.0,50.0
hebb_s,2,400000,0.0,0.0,50.0
hebb_s,2,450000,0.0,0.0,50.0
hebb_s,2,500000,0.0,0.0071,50.0
hebb_s,2,550000,0.004,0.0079,50.0
hebb_s,2,600000,0.0053,0.007,50.0
hebb_s,2,650000,0.0069,0.0078,50.0
hebb_s,2,700000,0.0083,0.0069,50.0
hebb_s,2,750000,0.0101,0.0083,50.0
hebb_s,2,800000,0.0069,0.0065,50.0
hebb_s,2,850000,0.0082,0.0065,50.0
hebb_s,2,900000,0.0082,0.0102,50.0
hebb_s,2,950000,0.0099,0.0067,50.0
hebb_s,2,1000000,0.0128,0.0085,50.0
hebb_s,2,1050000,0.0131,0.0049,50.0
hebb_s,2,1100000,0.0104,0.0,50.0
hebb_s,2,1150000,0.0089,0.0,50.0
hebb_s,2,1200000,0.0058,0.0,50.0
hebb_s,2,1250000,0.0011,0.0,50.0
hebb_s,2,1300000,0.0,0.0,50.0
hebb_s,2,1350000,0.0,0.0,50.0
hebb_s,2,1400000,0.0,0.0,50.0
hebb_s,2,1450000,0.0,0.0,50.0
hebb_s,2,1500000,0.0,0.0006,50.0
hebb_s,2,1550000,0.0,0.0,50.0
hebb_s,2,1600000,0.0,0.002,50.0
hebb_s,2,1650000,0.0005,0.0047,50.0
hebb_s,2,1700000,0.0025,0.0102,50.0
hebb_s,2,1750000,0.0077,0.0176,50.0
hebb_s,2,1800000,0.0103,0.0163,50.0
hebb_s,2,1850000,0.0139,0.0149,50.0
hebb_s,2,1900000,0.0192,0.0155,50.0
hebb_s,2,1950000,0.0193,0.0162,50.0
hebb_s,2,2000000,0.0171,0.0172,50.0
hebb_s,2,2050000,0.0192,0.0173,50.0
hebb_s,2,2100000,0.0203,0.019,50.0
hebb_s,2,2150000,0.0172,0.0183,50.0
hebb_s,2,2200000,0.0168,0.0176,50.0
hebb_s,2,2250000,0.0165,0.0221,50.0
hebb_s,2,2300000,0.0146,0.0167,50.0
hebb_s,2,2350000,0.0153,0.0159,50.0
hebb_s,2,2400000,0.0173,0.0172,50.0
hebb_s,2,2450000,0.0189,0.017,50.0
hebb_s,2,2500000,0.0208,0.0176,50.0
hebb_s,2,2550000,0.021,0.0143,50.0
hebb_s,2,2600000,0.0221,0.0149,50.0
hebb_s,2,2650000,0.0224,0.0171,50.0
hebb_s,2,2700000,0.0207,0.0145,50.0
hebb_s,2,2750000,0.0202,0.0125,50.0
hebb_s,2,2800000,0.0197,0.0199,50.0
hebb_s,2,2850000,0.0162,0.0147,50.0
hebb_s,2,2900000,0.0146,0.019,50.0
hebb_s,2,2950000,0.0154,0.0136,50.0
hebb_s,2,3000000,0.0166,0.0178,50.0
hebb_s,3,50000,0.0902,0.031,50.0
hebb_s,3,100000,0.0451,0.0,50.0
hebb_s,3,150000,0.0301,0.0,50.0
hebb_s,3,200000,0.0225,0.0015,50.0
hebb_s,3,250000,0.019,0.0128,50.0
hebb_s,3,300000,0.0025,0.0154,50.0
hebb_s,3,350000,0.0028,0.0121,50.0
hebb_s,3,400000,0.0049,0.0109,50.0
hebb_s,3,450000,0.0056,0.008,50.0
hebb_s,3,500000,0.0055,0.0109,50.0
hebb_s,3,550000,0.0067,0.0079,50.0
hebb_s,3,600000,0.0095,0.0061,50.0
hebb_s,3,650000,0.0087,0.0069,50.0
hebb_s,3,700000,0.0087,0.0082,50.0
hebb_s,3,750000,0.0101,0.008,50.0
hebb_s,3,800000,0.0085,0.0071,50.0
hebb_s,3,850000,0.0082,0.007,50.0
hebb_s,3,900000,0.0073,0.0084,50.0
hebb_s,3,950000,0.0088,0.0092,50.0
hebb_s,3,1000000,0.0074,0.0092,50.0
hebb_s,3,1050000,0.0069,0.0075,50.0
hebb_s,3,1100000,0.0064,0.0071,50.0
hebb_s,3,1150000,0.0069,0.007,50.0
hebb_s,3,1200000,0.0055,0.0053,50.0
hebb_s,3,1250000,0.0051,0.0099,50.0
hebb_s,3,1300000,0.0061,0.0085,50.0
hebb_s,3,1350000,0.0061,0.0061,50.0
hebb_s,3,1400000,0.0072,0.007,50.0
hebb_s,3,1450000,0.0077,0.0049,50.0
hebb_s,3,1500000,0.008,0.004,50.0
hebb_s,3,1550000,0.0062,0.0027,50.0
hebb_s,3,1600000,0.0068,0.0084,50.0
hebb_s,3,1650000,0.0058,0.0086,50.0
hebb_s,3,1700000,0.0062,0.0078,50.0
hebb_s,3,1750000,0.0073,0.0084,50.0
hebb_s,3,1800000,0.0096,0.0092,50.0
hebb_s,3,1850000,0.0087,0.008,50.0
hebb_s,3,1900000,0.0078,0.0033,50.0
hebb_s,3,1950000,0.0071,0.0017,50.0
hebb_s,3,2000000,0.0052,0.0011,50.0
hebb_s,3,2050000,0.0046,0.0064,50.0
hebb_s,3,2100000,0.0035,0.0067,50.0
hebb_s,3,2150000,0.0046,0.0072,50.0
hebb_s,3,2200000,0.0034,0.0,50.0
hebb_s,3,2250000,0.0034,0.0,50.0
hebb_s,3,2300000,0.0018,0.0,50.0
hebb_s,3,2350000,0.0011,0.0,50.0
hebb_s,3,2400000,0.0,0.0,50.0
hebb_s,3,2450000,0.0,0.0,50.0
hebb_s,3,2500000,0.0,0.0022,50.0
hebb_s,3,2550000,0.0024,0.0093,50.0
hebb_s,3,2600000,0.0042,0.0058,50.0
hebb_s,3,2650000,0.0066,0.0087,50.0
hebb_s,3,2700000,0.0104,0.009,50.0
hebb_s,3,2750000,0.0106,0.0082,50.0
hebb_s,3,2800000,0.0106,0.0084,50.0
hebb_s,3,2850000,0.0101,0.0083,50.0
hebb_s,3,2900000,0.0094,0.006,50.0
hebb_s,3,2950000,0.0082,0.011,50.0
hebb_s,3,3000000,0.009,0.0066,50.0
hebb_s,4,50000,0.0395,0.02,50.0
hebb_s,4,100000,0.03,0.0282,50.0
hebb_s,4,150000,0.0292,0.0187,50.0
hebb_s,4,200000,0.0291,0.025,50.0
hebb_s,4,250000,0.0311,0.026,50.0
hebb_s,4,300000,0.0278,0.0217,50.0
hebb_s,4,350000,0.0296,0.0285,50.0
hebb_s,4,400000,0.0274,0.0246,50.0
hebb_s,4,450000,0.027,0.0248,50.0
hebb_s,4,500000,0.0229,0.0271,50.0
hebb_s,4,550000,0.0218,0.0241,50.0
hebb_s,4,600000,0.0219,0.0262,50.0
hebb_s,4,650000,0.0232,0.0278,50.0
hebb_s,4,700000,0.0238,0.0302,50.0
hebb_s,4,750000,0.0256,0.0245,50.0
hebb_s,4,800000,0.0267,0.0267,50.0
hebb_s,4,850000,0.0258,0.0265,50.0
hebb_s,4,900000,0.0269,0.0271,50.0
hebb_s,4,950000,0.0294,0.0261,50.0
hebb_s,4,1000000,0.0278,0.025,50.0
hebb_s,4,1050000,0.027,0.0212,50.0
hebb_s,4,1100000,0.0286,0.0231,50.0
hebb_s,4,1150000,0.0284,0.0253,50.0
hebb_s,4,1200000,0.0248,0.0242,50.0
hebb_s,4,1250000,0.0226,0.0246,50.0
hebb_s,4,1300000,0.0209,0.0288,50.0
hebb_s,4,1350000,0.0222,0.0279,50.0
hebb_s,4,1400000,0.0203,0.0281,50.0
hebb_s,4,1450000,0.0208,0.0271,50.0
hebb_s,4,1500000,0.0244,0.0279,50.0
hebb_s,4,1550000,0.0267,0.0248,50.0
hebb_s,4,1600000,0.0255,0.0278,50.0
hebb_s,4,1650000,0.0302,0.0315,50.0
hebb_s,4,1700000,0.0283,0.0229,50.0
hebb_s,4,1750000,0.0305,0.0242,50.0
hebb_s,4,1800000,0.0312,0.0223,50.0
hebb_s,4,1850000,0.0291,0.0239,50.0
hebb_s,4,1900000,0.0254,0.0285,50.0
hebb_s,4,1950000,0.0271,0.0239,50.0
hebb_s,4,2000000,0.023,0.0252,50.0
hebb_s,4,2050000,0.0207,0.0248,50.0
hebb_s,4,2100000,0.0227,0.0312,50.0
hebb_s,4,2150000,0.0232,0.0269,50.0
hebb_s,4,2200000,0.0242,0.0259,50.0
hebb_s,4,2250000,0.0317,0.0307,50.0
hebb_s,4,2300000,0.0366,0.029,50.0
hebb_s,4,2350000,0.0366,0.0248,50.0
hebb_s,4,2400000,0.0351,0.0295,50.0
hebb_s,4,2450000,0.0345,0.0313,50.0
hebb_s,4,2500000,0.0275,0.0226,50.0
hebb_s,4,2550000,0.0247,0.0241,50.0
hebb_s,4,2600000,0.0235,0.0267,50.0
hebb_s,4,2650000,0.0237,0.0252,50.0
hebb_s,4,2700000,0.0259,0.0255,50.0
hebb_s,4,2750000,0.0267,0.0258,50.0
hebb_s,4,2800000,0.0302,0.0264,50.0
hebb_s,4,2850000,0.0276,0.0231,50.0
hebb_s,4,2900000,0.0281,0.0266,50.0
hebb_s,4,2950000,0.0253,0.0239,50.0
hebb_s,4,3000000,0.0243,0.0268,50.0
ippo_baseline,0,50000,0.0639,0.0661,50.0
ippo_baseline,0,100000,0.0442,0.0219,50.0
ippo_baseline,0,150000,0.0399,0.0214,50.0
ippo_baseline,0,200000,0.0345,0.0272,50.0
ippo_baseline,0,250000,0.0348,0.0232,50.0
ippo_baseline,0,300000,0.0232,0.0206,50.0
ippo_baseline,0,350000,0.0226,0.0156,50.0
ippo_baseline,0,400000,0.0193,0.0206,50.0
ippo_baseline,0,450000,0.0198,0.0177,50.0
ippo_baseline,0,500000,0.0159,0.0196,50.0
ippo_baseline,0,550000,0.0194,0.0134,50.0
ippo_baseline,0,600000,0.0171,0.0153,50.0
ippo_baseline,0,650000,0.0181,0.0191,50.0
ippo_baseline,0,700000,0.0192,0.0137,50.0
ippo_baseline,0,750000,0.0176,0.0126,50.0
ippo_baseline,0,800000,0.0145,0.0097,50.0
ippo_baseline,0,850000,0.0145,0.0029,50.0
ippo_baseline,0,900000,0.0107,0.004,50.0
ippo_baseline,0,950000,0.0057,0.0043,50.0
ippo_baseline,0,1000000,0.004,0.0097,50.0
ippo_baseline,0,1050000,0.0062,0.0204,50.0
ippo_baseline,0,1100000,0.0068,0.0164,50.0
ippo_baseline,0,1150000,0.0094,0.0056,50.0
ippo_baseline,0,1200000,0.0095,0.0106,50.0
ippo_baseline,0,1250000,0.0146,0.0166,50.0
ippo_baseline,0,1300000,0.0167,0.0248,50.0
ippo_baseline,0,1350000,0.0175,0.0202,50.0
ippo_baseline,0,1400000,0.0186,0.022,50.0
ippo_baseline,0,1450000,0.0219,0.0185,50.0
ippo_baseline,0,1500000,0.0184,0.0124,50.0
ippo_baseline,0,1550000,0.0156,0.009,50.0
ippo_baseline,0,1600000,0.0133,0.0085,50.0
ippo_baseline,0,1650000,0.0119,0.0069,50.0
ippo_baseline,0,1700000,0.0081,0.0003,50.0
ippo_baseline,0,1750000,0.0065,0.0,50.0
ippo_baseline,0,1800000,0.0035,0.0,50.0
ippo_baseline,0,1850000,0.0023,0.0,50.0
ippo_baseline,0,1900000,0.0,0.0,50.0
ippo_baseline,0,1950000,0.0,0.0,50.0
ippo_baseline,0,2000000,0.0,0.0,50.0
ippo_baseline,0,2050000,0.0,0.0,50.0
ippo_baseline,0,2100000,0.0,0.0,50.0
ippo_baseline,0,2150000,0.0,0.0,50.0
ippo_baseline,0,2200000,0.0,0.0,50.0
ippo_baseline,0,2250000,0.0,0.0,50.0
ippo_baseline,0,2300000,0.0,0.0,50.0
ippo_baseline,0,2350000,0.0,0.0,50.0
ippo_baseline,0,2400000,0.0,0.0,50.0
ippo_baseline,0,2450000,0.0,0.0,50.0
ippo_baseline,0,2500000,0.0,0.0,50.0
ippo_baseline,0,2550000,0.0,0.0,50.0
ippo_baseline,0,2600000,0.0,0.0,50.0
ippo_baseline,0,2650000,0.0,0.0,50.0
ippo_baseline,0,2700000,0.0,0.0,50.0
ippo_baseline,0,2750000,0.0,0.0,50.0
ippo_baseline,0,2800000,0.0,0.0,50.0
ippo_baseline,0,2850000,0.0,0.0,50.0
ippo_baseline,0,2900000,0.0,0.0,50.0
ippo_baseline,0,2950000,0.0,0.0,50.0
ippo_baseline,0,3000000,0.0,0.0,50.0
ippo_baseline,1,50000,0.0766,0.056,50.0
ippo_baseline,1,100000,0.0477,0.026,50.0
ippo_baseline,1,150000,0.0424,0.0334,50.0
ippo_baseline,1,200000,0.0406,0.0208,50.0
ippo_baseline,1,250000,0.0373,0.0266,50.0
ippo_baseline,1,300000,0.0255,0.0239,50.0
ippo_baseline,1,350000,0.0244,0.0263,50.0
ippo_baseline,1,400000,0.0236,0.024,50.0
ippo_baseline,1,450000,0.0242,0.0204,50.0
ippo_baseline,1,500000,0.02,0.0134,50.0
ippo_baseline,1,550000,0.0192,0.015,50.0
ippo_baseline,1,600000,0.0189,0.0102,50.0
ippo_baseline,1,650000,0.0136,0.0051,50.0
ippo_baseline,1,700000,0.0075,0.0132,50.0
ippo_baseline,1,750000,0.0079,0.0106,50.0
ippo_baseline,1,800000,0.007,0.0087,50.0
ippo_baseline,1,850000,0.0068,0.0156,50.0
ippo_baseline,1,900000,0.01,0.0157,50.0
ippo_baseline,1,950000,0.0107,0.012,50.0
ippo_baseline,1,1000000,0.0122,0.0108,50.0
ippo_baseline,1,1050000,0.0108,0.0081,50.0
ippo_baseline,1,1100000,0.0101,0.0083,50.0
ippo_baseline,1,1150000,0.0078,0.0063,50.0
ippo_baseline,1,1200000,0.0085,0.004,50.0
ippo_baseline,1,1250000,0.0068,0.0036,50.0
ippo_baseline,1,1300000,0.0083,0.0084,50.0
ippo_baseline,1,1350000,0.01,0.0065,50.0
ippo_baseline,1,1400000,0.0112,0.0043,50.0
ippo_baseline,1,1450000,0.0092,0.0099,50.0
ippo_baseline,1,1500000,0.0105,0.0081,50.0
ippo_baseline,1,1550000,0.0095,0.0092,50.0
ippo_baseline,1,1600000,0.007,0.0043,50.0
ippo_baseline,1,1650000,0.0048,0.0039,50.0
ippo_baseline,1,1700000,0.0051,0.0115,50.0
ippo_baseline,1,1750000,0.0067,0.0105,50.0
ippo_baseline,1,1800000,0.0086,0.0066,50.0
ippo_baseline,1,1850000,0.0094,0.0076,50.0
ippo_baseline,1,1900000,0.011,0.0098,50.0
ippo_baseline,1,1950000,0.0105,0.0054,50.0
ippo_baseline,1,2000000,0.007,0.0018,50.0
ippo_baseline,1,2050000,0.0041,0.0,50.0
ippo_baseline,1,2100000,0.0027,0.0,50.0
ippo_baseline,1,2150000,0.0008,0.001,50.0
ippo_baseline,1,2200000,0.0,0.0003,50.0
ippo_baseline,1,2250000,0.0014,0.0034,50.0
ippo_baseline,1,2300000,0.0014,0.0042,50.0
ippo_baseline,1,2350000,0.0016,0.0034,50.0
ippo_baseline,1,2400000,0.0037,0.0073,50.0
ippo_baseline,1,2450000,0.0058,0.0091,50.0
ippo_baseline,1,2500000,0.0058,0.0084,50.0
ippo_baseline,1,2550000,0.0099,0.0072,50.0
ippo_baseline,1,2600000,0.0112,0.007,50.0
ippo_baseline,1,2650000,0.0117,0.008,50.0
ippo_baseline,1,2700000,0.0105,0.0079,50.0
ippo_baseline,1,2750000,0.0119,0.0083,50.0
ippo_baseline,1,2800000,0.0098,0.0059,50.0
ippo_baseline,1,2850000,0.0094,0.008,50.0
ippo_baseline,1,2900000,0.0082,0.0084,50.0
ippo_baseline,1,2950000,0.0089,0.0118,50.0
ippo_baseline,1,3000000,0.0069,0.0092,50.0
ippo_baseline,2,50000,0.0771,0.0247,50.0
ippo_baseline,2,100000,0.048,0.0257,50.0
ippo_baseline,2,150000,0.0422,0.0184,50.0
ippo_baseline,2,200000,0.0396,0.0162,50.0
ippo_baseline,2,250000,0.0332,0.0146,50.0
ippo_baseline,2,300000,0.024,0.0169,50.0
ippo_baseline,2,350000,0.0258,0.0171,50.0
ippo_baseline,2,400000,0.0217,0.0102,50.0
ippo_baseline,2,450000,0.0182,0.0143,50.0
ippo_baseline,2,500000,0.0188,0.0147,50.0
ippo_baseline,2,550000,0.0132,0.0075,50.0
ippo_baseline,2,600000,0.0091,0.0035,50.0
ippo_baseline,2,650000,0.0077,0.0064,50.0
ippo_baseline,2,700000,0.0062,0.0057,50.0
ippo_baseline,2,750000,0.0066,0.0185,50.0
ippo_baseline,2,800000,0.0114,0.0149,50.0
ippo_baseline,2,850000,0.0143,0.0127,50.0
ippo_baseline,2,900000,0.0154,0.0144,50.0
ippo_baseline,2,950000,0.0184,0.0164,50.0
ippo_baseline,2,1000000,0.0189,0.01,50.0
ippo_baseline,2,1050000,0.0156,0.0174,50.0
ippo_baseline,2,1100000,0.0157,0.0108,50.0
ippo_baseline,2,1150000,0.0166,0.0075,50.0
ippo_baseline,2,1200000,0.0148,0.0072,50.0
ippo_baseline,2,1250000,0.0136,0.0077,50.0
ippo_baseline,2,1300000,0.0133,0.0102,50.0
ippo_baseline,2,1350000,0.01,0.0108,50.0
ippo_baseline,2,1400000,0.0087,0.0131,50.0
ippo_baseline,2,1450000,0.0087,0.0184,50.0
ippo_baseline,2,1500000,0.007,0.0193,50.0
ippo_baseline,2,1550000,0.0079,0.0155,50.0
ippo_baseline,2,1600000,0.0113,0.0183,50.0
ippo_baseline,2,1650000,0.0137,0.0162,50.0
ippo_baseline,2,1700000,0.0152,0.0162,50.0
ippo_baseline,2,1750000,0.0196,0.0194,50.0
ippo_baseline,2,1800000,0.0204,0.0177,50.0
ippo_baseline,2,1850000,0.0195,0.0155,50.0
ippo_baseline,2,1900000,0.0201,0.0142,50.0
ippo_baseline,2,1950000,0.0195,0.016,50.0
ippo_baseline,2,2000000,0.0186,0.0182,50.0
ippo_baseline,2,2050000,0.0199,0.0111,50.0
ippo_baseline,2,2100000,0.0171,0.0072,50.0
ippo_baseline,2,2150000,0.0152,0.0095,50.0
ippo_baseline,2,2200000,0.0125,0.0066,50.0
ippo_baseline,2,2250000,0.0113,0.0128,50.0
ippo_baseline,2,2300000,0.009,0.0104,50.0
ippo_baseline,2,2350000,0.0095,0.0036,50.0
ippo_baseline,2,2400000,0.0072,0.0033,50.0
ippo_baseline,2,2450000,0.0071,0.0038,50.0
ippo_baseline,2,2500000,0.0047,0.0008,50.0
ippo_baseline,2,2550000,0.0022,0.0003,50.0
ippo_baseline,2,2600000,0.0008,0.0,50.0
ippo_baseline,2,2650000,0.0008,0.0,50.0
ippo_baseline,2,2700000,0.0,0.0,50.0
ippo_baseline,2,2750000,0.0,0.0,50.0
ippo_baseline,2,2800000,0.0,0.002,50.0
ippo_baseline,2,2850000,0.0009,0.0089,50.0
ippo_baseline,2,2900000,0.0014,0.0026,50.0
ippo_baseline,2,2950000,0.0022,0.0046,50.0
ippo_baseline,2,3000000,0.0022,0.0004,50.0
ippo_baseline,3,50023,0.0902,0.0493,50.0
ippo_baseline,3,100023,0.0545,0.0153,50.0
ippo_baseline,3,150023,0.0403,0.0166,50.0
ippo_baseline,3,200023,0.0322,0.0154,50.0
ippo_baseline,3,250023,0.0297,0.0246,50.0
ippo_baseline,3,300023,0.0151,0.0196,50.0
ippo_baseline,3,350023,0.0123,0.0152,50.0
ippo_baseline,3,400023,0.0133,0.0132,50.0
ippo_baseline,3,450023,0.0143,0.01,50.0
ippo_baseline,3,500023,0.0111,0.011,50.0
ippo_baseline,3,550023,0.0098,0.0128,50.0
ippo_baseline,3,600023,0.0131,0.0099,50.0
ippo_baseline,3,650023,0.011,0.0073,50.0
ippo_baseline,3,700023,0.0096,0.0123,50.0
ippo_baseline,3,750023,0.0135,0.0151,50.0
ippo_baseline,3,800023,0.0136,0.0103,50.0
ippo_baseline,3,850023,0.012,0.0102,50.0
ippo_baseline,3,900023,0.0142,0.0085,50.0
ippo_baseline,3,950023,0.0142,0.0074,50.0
ippo_baseline,3,1000023,0.0114,0.0145,50.0
ippo_baseline,3,1050023,0.0115,0.0137,50.0
ippo_baseline,3,1100023,0.0113,0.0149,50.0
ippo_baseline,3,1150023,0.0122,0.014,50.0
ippo_baseline,3,1200023,0.0145,0.0156,50.0
ippo_baseline,3,1250023,0.0141,0.0171,50.0
ippo_baseline,3,1300023,0.0164,0.0145,50.0
ippo_baseline,3,1350023,0.0165,0.0124,50.0
ippo_baseline,3,1400023,0.0139,0.008,50.0
ippo_baseline,3,1450023,0.0134,0.0082,50.0
ippo_baseline,3,1500023,0.0141,0.0139,50.0
ippo_baseline,3,1550023,0.0112,0.015,50.0
ippo_baseline,3,1600023,0.0103,0.0109,50.0
ippo_baseline,3,1650023,0.0107,0.0104,50.0
ippo_baseline,3,1700023,0.0093,0.0128,50.0
ippo_baseline,3,1750023,0.0092,0.0127,50.0
ippo_baseline,3,1800023,0.0118,0.0153,50.0
ippo_baseline,3,1850023,0.0138,0.0191,50.0
ippo_baseline,3,1900023,0.0133,0.0082,50.0
ippo_baseline,3,1950023,0.0169,0.0136,50.0
ippo_baseline,3,2000023,0.0157,0.0119,50.0
ippo_baseline,3,2050023,0.0135,0.0142,50.0
ippo_baseline,3,2100023,0.0119,0.0134,50.0
ippo_baseline,3,2150023,0.0117,0.0131,50.0
ippo_baseline,3,2200023,0.0098,0.0186,50.0
ippo_baseline,3,2250023,0.0113,0.0161,50.0
ippo_baseline,3,2300023,0.0116,0.018,50.0
ippo_baseline,3,2350023,0.0141,0.0178,50.0
ippo_baseline,3,2400023,0.0173,0.018,50.0
ippo_baseline,3,2450023,0.017,0.0103,50.0
ippo_baseline,3,2500023,0.0169,0.0129,50.0
ippo_baseline,3,2550023,0.018,0.0104,50.0
ippo_baseline,3,2600023,0.016,0.0086,50.0
ippo_baseline,3,2650023,0.0129,0.0138,50.0
ippo_baseline,3,2700023,0.0113,0.015,50.0
ippo_baseline,3,2750023,0.0124,0.0143,50.0
ippo_baseline,3,2800023,0.0116,0.0196,50.0
ippo_baseline,3,2850023,0.0122,0.017,50.0
ippo_baseline,3,2900023,0.0149,0.0161,50.0
ippo_baseline,3,2950023,0.0163,0.0185,50.0
ippo_baseline,3,3000023,0.0163,0.0132,50.0
ippo_baseline,4,50000,0.0395,0.0284,50.0
ippo_baseline,4,100000,0.0345,0.0248,50.0
ippo_baseline,4,150000,0.0325,0.0263,50.0
ippo_baseline,4,200000,0.0334,0.0242,50.0
ippo_baseline,4,250000,0.031,0.0191,50.0
ippo_baseline,4,300000,0.0268,0.0125,50.0
ippo_baseline,4,350000,0.0263,0.0143,50.0
ippo_baseline,4,400000,0.0222,0.0164,50.0
ippo_baseline,4,450000,0.021,0.0162,50.0
ippo_baseline,4,500000,0.0186,0.02,50.0
ippo_baseline,4,550000,0.0182,0.0191,50.0
ippo_baseline,4,600000,0.0157,0.0193,50.0
ippo_baseline,4,650000,0.0168,0.0196,50.0
ippo_baseline,4,700000,0.0146,0.0204,50.0
ippo_baseline,4,750000,0.0146,0.0178,50.0
ippo_baseline,4,800000,0.0135,0.0135,50.0
ippo_baseline,4,850000,0.0119,0.0187,50.0
ippo_baseline,4,900000,0.0126,0.0213,50.0
ippo_baseline,4,950000,0.0154,0.0183,50.0
ippo_baseline,4,1000000,0.0156,0.0182,50.0
ippo_baseline,4,1050000,0.0157,0.0153,50.0
ippo_baseline,4,1100000,0.0198,0.0163,50.0
ippo_baseline,4,1150000,0.0201,0.0184,50.0
ippo_baseline,4,1200000,0.0178,0.0159,50.0
ippo_baseline,4,1250000,0.0189,0.0173,50.0
ippo_baseline,4,1300000,0.0192,0.0153,50.0
ippo_baseline,4,1350000,0.0167,0.0131,50.0
ippo_baseline,4,1400000,0.0144,0.0081,50.0
ippo_baseline,4,1450000,0.0113,0.0085,50.0
ippo_baseline,4,1500000,0.0094,0.0084,50.0
ippo_baseline,4,1550000,0.0093,0.0117,50.0
ippo_baseline,4,1600000,0.0087,0.0077,50.0
ippo_baseline,4,1650000,0.011,0.0073,50.0
ippo_baseline,4,1700000,0.0107,0.008,50.0
ippo_baseline,4,1750000,0.0105,0.0097,50.0
ippo_baseline,4,1800000,0.009,0.0079,50.0
ippo_baseline,4,1850000,0.0088,0.0078,50.0
ippo_baseline,4,1900000,0.007,0.0091,50.0
ippo_baseline,4,1950000,0.0076,0.0087,50.0
ippo_baseline,4,2000000,0.008,0.0084,50.0
ippo_baseline,4,2050000,0.0084,0.0082,50.0
ippo_baseline,4,2100000,0.0101,0.0133,50.0
ippo_baseline,4,2150000,0.0119,0.013,50.0
ippo_baseline,4,2200000,0.0138,0.0102,50.0
ippo_baseline,4,2250000,0.0158,0.0139,50.0
ippo_baseline,4,2300000,0.0173,0.0153,50.0
ippo_baseline,4,2350000,0.015,0.0095,50.0
ippo_baseline,4,2400000,0.0127,0.0108,50.0
ippo_baseline,4,2450000,0.0099,0.0079,50.0
ippo_baseline,4,2500000,0.0083,0.0116,50.0
ippo_baseline,4,2550000,0.0072,0.0096,50.0
ippo_baseline,4,2600000,0.0064,0.009,50.0
ippo_baseline,4,2650000,0.0053,0.0079,50.0
ippo_baseline,4,2700000,0.0063,0.0093,50.0
ippo_baseline,4,2750000,0.0057,0.0092,50.0
ippo_baseline,4,2800000,0.0053,0.0119,50.0
ippo_baseline,4,2850000,0.0064,0.0094,50.0
ippo_baseline,4,2900000,0.0093,0.0106,50.0
ippo_baseline,4,2950000,0.0096,0.0091,50.0
ippo_baseline,4,3000000,0.0099,0.0095,50.0
mappo_hebbian_r,0,50347,0.0707,0.064,50.0
mappo_hebbian_r,0,100739,0.0733,0.1124,50.0
mappo_hebbian_r,0,150955,0.1043,0.1976,49.7767
mappo_hebbian_r,0,201130,0.1273,0.2112,49.6275
mappo_hebbian_r,0,251356,0.146,0.2264,49.356
mappo_hebbian_r,0,301560,0.1793,0.278,48.812
mappo_hebbian_r,0,351883,0.2316,0.3678,48.182
mappo_hebbian_r,0,402038,0.2823,0.5327,47.018
mappo_hebbian_r,0,452357,0.3636,0.5695,44.99
mappo_hebbian_r,0,502413,0.431,0.5764,43.208
mappo_hebbian_r,0,552657,0.5001,0.5962,41.494
mappo_hebbian_r,0,602672,0.553,0.6075,39.106
mappo_hebbian_r,0,652922,0.5706,0.5967,37.996
mappo_hebbian_r,0,703151,0.5636,0.5838,37.706
mappo_hebbian_r,0,753264,0.5666,0.5756,37.038
mappo_hebbian_r,0,803524,0.563,0.5901,36.384
mappo_hebbian_r,0,853819,0.5651,0.588,35.894
mappo_hebbian_r,0,903892,0.5831,0.6073,34.954
mappo_hebbian_r,0,954147,0.6047,0.6062,33.852
mappo_hebbian_r,0,1004241,0.6169,0.557,33.048
mappo_hebbian_r,0,1054315,0.6052,0.5748,33.742
mappo_hebbian_r,0,1104647,0.6005,0.5965,34.164
mappo_hebbian_r,0,1154732,0.6127,0.6035,33.736
mappo_hebbian_r,0,1204773,0.5982,0.606,33.938
mappo_hebbian_r,0,1255078,0.5842,0.6207,34.648
mappo_hebbian_r,0,1305087,0.6052,0.6028,33.222
mappo_hebbian_r,0,1355114,0.6228,0.6496,32.138
mappo_hebbian_r,0,1405354,0.615,0.6528,32.31
mappo_hebbian_r,0,1455606,0.6253,0.6016,31.82
mappo_hebbian_r,0,1505949,0.6444,0.6427,30.78
mappo_hebbian_r,0,1556014,0.6541,0.654,30.85
mappo_hebbian_r,0,1606145,0.6432,0.6629,31.266
mappo_hebbian_r,0,1656271,0.6463,0.6572,31.22
mappo_hebbian_r,0,1706344,0.6386,0.6562,31.202
mappo_hebbian_r,0,1756439,0.6288,0.6575,31.504
mappo_hebbian_r,0,1806746,0.6316,0.6608,30.728
mappo_hebbian_r,0,1856918,0.6275,0.6782,30.462
mappo_hebbian_r,0,1907117,0.6381,0.6733,29.928
mappo_hebbian_r,0,1957372,0.6527,0.6772,29.108
mappo_hebbian_r,0,2007512,0.6436,0.6679,29.412
mappo_hebbian_r,0,2057567,0.6599,0.6794,28.956
mappo_hebbian_r,0,2107666,0.6544,0.6721,29.136
mappo_hebbian_r,0,2157748,0.6654,0.6925,28.672
mappo_hebbian_r,0,2208016,0.6653,0.7094,28.51
mappo_hebbian_r,0,2258216,0.6795,0.6806,28.0
mappo_hebbian_r,0,2308492,0.6902,0.7078,27.492
mappo_hebbian_r,0,2358592,0.7065,0.7203,26.542
mappo_hebbian_r,0,2408661,0.704,0.7094,26.764
mappo_hebbian_r,0,2458688,0.7217,0.7126,26.386
mappo_hebbian_r,0,2508723,0.7296,0.7179,26.132
mappo_hebbian_r,0,2558826,0.7337,0.74,26.082
mappo_hebbian_r,0,2608965,0.7261,0.7443,26.946
mappo_hebbian_r,0,2659072,0.7383,0.7472,26.218
mappo_hebbian_r,0,2709109,0.7409,0.7504,26.336
mappo_hebbian_r,0,2759204,0.7469,0.744,26.068
mappo_hebbian_r,0,2809379,0.7494,0.754,25.964
mappo_hebbian_r,0,2859576,0.7528,0.7426,25.526
mappo_hebbian_r,0,2909610,0.7494,0.7414,25.812
mappo_hebbian_r,0,2959631,0.7541,0.7473,25.128
mappo_hebbian_r,1,50415,0.0585,0.0738,50.0
mappo_hebbian_r,1,100776,0.0673,0.0902,49.925
mappo_hebbian_r,1,151066,0.0839,0.1684,49.8767
mappo_hebbian_r,1,201131,0.1241,0.3161,49.4375
mappo_hebbian_r,1,251422,0.1729,0.4184,49.324
mappo_hebbian_r,1,301891,0.3223,0.4513,47.718
mappo_hebbian_r,1,352098,0.4034,0.5039,46.312
mappo_hebbian_r,1,402120,0.4627,0.5126,44.778
mappo_hebbian_r,1,452416,0.5004,0.5243,42.994
mappo_hebbian_r,1,502738,0.521,0.5102,42.076
mappo_hebbian_r,1,552760,0.5258,0.5208,41.588
mappo_hebbian_r,1,602919,0.5168,0.516,41.578
mappo_hebbian_r,1,653290,0.5088,0.5094,41.796
mappo_hebbian_r,1,703746,0.4892,0.5094,42.438
mappo_hebbian_r,1,754034,0.474,0.5076,43.042
mappo_hebbian_r,1,804186,0.4903,0.5194,41.822
mappo_hebbian_r,1,854482,0.5008,0.5196,41.462
mappo_hebbian_r,1,904734,0.4981,0.5169,41.196
mappo_hebbian_r,1,955023,0.5119,0.5166,40.164
mappo_hebbian_r,1,1005080,0.5208,0.5259,39.424
mappo_hebbian_r,1,1055126,0.5173,0.5355,39.894
mappo_hebbian_r,1,1105175,0.5184,0.5079,39.684
mappo_hebbian_r,1,1155268,0.515,0.5037,40.008
mappo_hebbian_r,1,1205314,0.5177,0.5084,39.926
mappo_hebbian_r,1,1255354,0.5116,0.5437,40.01
mappo_hebbian_r,1,1305471,0.5074,0.5358,40.186
mappo_hebbian_r,1,1355611,0.5106,0.5248,40.282
mappo_hebbian_r,1,1405791,0.5216,0.5246,39.58
mappo_hebbian_r,1,1455957,0.5224,0.5285,39.622
mappo_hebbian_r,1,1506291,0.5312,0.518,39.178
mappo_hebbian_r,1,1556366,0.5402,0.5457,38.512
mappo_hebbian_r,1,1606545,0.5302,0.5318,38.35
mappo_hebbian_r,1,1656554,0.5498,0.5774,37.466
mappo_hebbian_r,1,1706823,0.5642,0.6084,36.584
mappo_hebbian_r,1,1757027,0.5683,0.6138,35.99
mappo_hebbian_r,1,1807196,0.5813,0.6246,34.874
mappo_hebbian_r,1,1857321,0.6203,0.6159,32.8
mappo_hebbian_r,1,1907581,0.6078,0.6437,32.56
mappo_hebbian_r,1,1957679,0.6142,0.6421,32.004
mappo_hebbian_r,1,2007842,0.6416,0.6555,30.866
mappo_hebbian_r,1,2057972,0.6426,0.6439,31.012
mappo_hebbian_r,1,2107978,0.6241,0.6513,31.862
mappo_hebbian_r,1,2158224,0.6343,0.6421,31.922
mappo_hebbian_r,1,2208385,0.6461,0.6478,31.224
mappo_hebbian_r,1,2258493,0.6324,0.6701,31.304
mappo_hebbian_r,1,2308660,0.6397,0.6367,30.702
mappo_hebbian_r,1,2358970,0.6546,0.6562,29.96
mappo_hebbian_r,1,2408976,0.6626,0.653,29.594
mappo_hebbian_r,1,2459011,0.6549,0.6822,30.326
mappo_hebbian_r,1,2509162,0.6675,0.6687,30.314
mappo_hebbian_r,1,2559295,0.671,0.6657,30.406
mappo_hebbian_r,1,2609453,0.6826,0.6859,30.238
mappo_hebbian_r,1,2659482,0.6788,0.6774,30.164
mappo_hebbian_r,1,2709740,0.6746,0.673,29.856
mappo_hebbian_r,1,2759927,0.6802,0.6737,29.662
mappo_hebbian_r,1,2810210,0.6779,0.6873,29.448
mappo_hebbian_r,1,2860390,0.6634,0.6877,29.35
mappo_hebbian_r,1,2910456,0.6705,0.6824,29.04
mappo_hebbian_r,1,2960723,0.6759,0.6757,28.694
mappo_hebbian_r,2,50427,0.088,0.0885,49.78
mappo_hebbian_r,2,100446,0.1064,0.1708,49.745
mappo_hebbian_r,2,150738,0.1305,0.2273,49.7033
mappo_hebbian_r,2,200763,0.1691,0.3954,49.355
mappo_hebbian_r,2,251034,0.2425,0.5396,47.222
mappo_hebbian_r,2,301195,0.3358,0.5515,45.256
mappo_hebbian_r,2,351398,0.4274,0.5818,42.704
mappo_hebbian_r,2,401631,0.512,0.5747,40.3
mappo_hebbian_r,2,451789,0.5703,0.5697,38.1
mappo_hebbian_r,2,501869,0.5765,0.5775,37.74
mappo_hebbian_r,2,551875,0.5839,0.5712,37.3
mappo_hebbian_r,2,602039,0.5786,0.564,37.148
mappo_hebbian_r,2,652245,0.5621,0.587,36.9
mappo_hebbian_r,2,702620,0.5742,0.5774,36.69
mappo_hebbian_r,2,752869,0.5726,0.5597,36.782
mappo_hebbian_r,2,802939,0.5767,0.5781,36.156
mappo_hebbian_r,2,852940,0.5774,0.5672,36.124
mappo_hebbian_r,2,903072,0.5936,0.5563,35.538
mappo_hebbian_r,2,953217,0.5798,0.5572,35.346
mappo_hebbian_r,2,1003476,0.5704,0.5823,35.344
mappo_hebbian_r,2,1053649,0.563,0.5866,35.176
mappo_hebbian_r,2,1103843,0.573,0.6018,34.424
mappo_hebbian_r,2,1154179,0.5864,0.5937,33.696
mappo_hebbian_r,2,1204322,0.5922,0.6209,33.36
mappo_hebbian_r,2,1254354,0.607,0.6205,32.4
mappo_hebbian_r,2,1304439,0.6039,0.6253,32.668
mappo_hebbian_r,2,1354676,0.6111,0.6418,32.384
mappo_hebbian_r,2,1404865,0.6108,0.6457,32.206
mappo_hebbian_r,2,1454969,0.6278,0.6628,31.648
mappo_hebbian_r,2,1505163,0.6456,0.667,30.77
mappo_hebbian_r,2,1555455,0.6671,0.6651,29.904
mappo_hebbian_r,2,1605480,0.6721,0.6712,29.488
mappo_hebbian_r,2,1655707,0.6742,0.6601,29.118
mappo_hebbian_r,2,1705951,0.6688,0.6787,28.924
mappo_hebbian_r,2,1756139,0.6609,0.6933,28.844
mappo_hebbian_r,2,1806425,0.6648,0.6835,28.83
mappo_hebbian_r,2,1856534,0.662,0.6859,29.248
mappo_hebbian_r,2,1906645,0.6833,0.6754,28.318
mappo_hebbian_r,2,1956775,0.6725,0.6786,28.768
mappo_hebbian_r,2,2006864,0.687,0.6762,28.4
mappo_hebbian_r,2,2057054,0.6949,0.6921,27.66
mappo_hebbian_r,2,2107123,0.7103,0.704,26.804
mappo_hebbian_r,2,2157407,0.7149,0.6898,26.35
mappo_hebbian_r,2,2207413,0.7222,0.6967,26.332
mappo_hebbian_r,2,2257576,0.7251,0.712,25.79
mappo_hebbian_r,2,2307599,0.7189,0.7107,26.324
mappo_hebbian_r,2,2357747,0.7132,0.7093,26.578
mappo_hebbian_r,2,2407853,0.7062,0.6968,26.988
mappo_hebbian_r,2,2457864,0.7137,0.7092,26.222
mappo_hebbian_r,2,2508060,0.7125,0.7297,26.588
mappo_hebbian_r,2,2558235,0.7154,0.7282,26.39
mappo_hebbian_r,2,2608351,0.7195,0.7408,26.702
mappo_hebbian_r,2,2658394,0.7196,0.7359,26.366
mappo_hebbian_r,2,2708526,0.7242,0.7435,26.396
mappo_hebbian_r,2,2758589,0.7267,0.7409,26.156
mappo_hebbian_r,2,2808791,0.7407,0.7529,25.29
mappo_hebbian_r,2,2858823,0.7505,0.7524,24.4
mappo_hebbian_r,2,2909069,0.7647,0.757,23.75
mappo_hebbian_r,2,2959242,0.7483,0.7619,25.156
mappo_hebbian_r,3,50353,0.0452,0.0721,50.0
mappo_hebbian_r,3,100589,0.0662,0.137,50.0
mappo_hebbian_r,3,150968,0.1018,0.1994,49.6633
mappo_hebbian_r,3,201090,0.1382,0.3369,48.9875
mappo_hebbian_r,3,251296,0.2153,0.5172,47.342
mappo_hebbian_r,3,301438,0.329,0.5714,45.048
mappo_hebbian_r,3,351717,0.4301,0.6071,42.52
mappo_hebbian_r,3,402104,0.5105,0.6003,40.256
mappo_hebbian_r,3,452405,0.5711,0.5744,38.226
mappo_hebbian_r,3,502495,0.5834,0.576,37.38
mappo_hebbian_r,3,552689,0.573,0.596,37.258
mappo_hebbian_r,3,602735,0.5781,0.5984,36.45
mappo_hebbian_r,3,652923,0.5911,0.6213,35.366
mappo_hebbian_r,3,703059,0.6023,0.596,35.06
mappo_hebbian_r,3,753196,0.6058,0.6206,34.536
mappo_hebbian_r,3,803311,0.6278,0.6304,33.02
mappo_hebbian_r,3,853519,0.6273,0.6347,32.734
mappo_hebbian_r,3,903551,0.6313,0.6241,32.2
mappo_hebbian_r,3,953746,0.6498,0.6492,30.982
mappo_hebbian_r,3,1003805,0.6546,0.63,30.58
mappo_hebbian_r,3,1054127,0.6458,0.6398,30.616
mappo_hebbian_r,3,1104293,0.6457,0.6282,30.514
mappo_hebbian_r,3,1154456,0.6526,0.6447,30.25
mappo_hebbian_r,3,1204713,0.6307,0.6322,31.044
mappo_hebbian_r,3,1254727,0.6332,0.6231,30.41
mappo_hebbian_r,3,1304731,0.6446,0.6578,29.964
mappo_hebbian_r,3,1354755,0.6523,0.6487,29.448
mappo_hebbian_r,3,1404877,0.649,0.6746,29.51
mappo_hebbian_r,3,1455133,0.6716,0.6631,28.406
mappo_hebbian_r,3,1505363,0.6731,0.6588,28.766
mappo_hebbian_r,3,1555621,0.6691,0.6577,28.884
mappo_hebbian_r,3,1605679,0.6767,0.6733,28.486
mappo_hebbian_r,3,1655730,0.6802,0.6946,28.128
mappo_hebbian_r,3,1705776,0.6727,0.682,28.366
mappo_hebbian_r,3,1755948,0.6714,0.6908,28.276
mappo_hebbian_r,3,1806000,0.6792,0.716,27.912
mappo_hebbian_r,3,1856119,0.6839,0.7042,27.586
mappo_hebbian_r,3,1906142,0.6815,0.7205,27.868
mappo_hebbian_r,3,1956380,0.6961,0.722,26.996
mappo_hebbian_r,3,2006562,0.7185,0.7162,25.682
mappo_hebbian_r,3,2056647,0.721,0.6997,25.42
mappo_hebbian_r,3,2106804,0.7189,0.7253,25.786
mappo_hebbian_r,3,2156861,0.7187,0.7043,25.736
mappo_hebbian_r,3,2207166,0.7182,0.7115,25.738
mappo_hebbian_r,3,2257285,0.7172,0.721,26.092
mappo_hebbian_r,3,2307415,0.7207,0.7434,26.038
mappo_hebbian_r,3,2357519,0.7292,0.7391,25.76
mappo_hebbian_r,3,2407637,0.7465,0.7241,24.548
mappo_hebbian_r,3,2457743,0.7525,0.7355,24.538
mappo_hebbian_r,3,2507749,0.7533,0.743,24.37
mappo_hebbian_r,3,2557882,0.7496,0.7459,24.396
mappo_hebbian_r,3,2607935,0.7501,0.7475,24.142
mappo_hebbian_r,3,2658014,0.7484,0.7531,24.548
mappo_hebbian_r,3,2708088,0.7431,0.7533,25.052
mappo_hebbian_r,3,2758267,0.7484,0.7552,24.422
mappo_hebbian_r,3,2808296,0.7409,0.7523,24.74
mappo_hebbian_r,3,2858498,0.7354,0.7447,24.762
mappo_hebbian_r,3,2908566,0.7357,0.7584,24.498
mappo_hebbian_r,3,2958825,0.729,0.7542,24.44
mappo_hebbian_r,4,50421,0.0698,0.0798,50.0
mappo_hebbian_r,4,100799,0.0957,0.1511,49.77
mappo_hebbian_r,4,151218,0.1329,0.1991,49.4633
mappo_hebbian_r,4,201305,0.1603,0.2439,49.3375
mappo_hebbian_r,4,251634,0.1764,0.2962,49.312
mappo_hebbian_r,4,301665,0.2406,0.3419,48.766
mappo_hebbian_r,4,351876,0.3029,0.4072,48.116
mappo_hebbian_r,4,402238,0.3463,0.4573,47.652
mappo_hebbian_r,4,452641,0.3783,0.4725,46.94
mappo_hebbian_r,4,502817,0.4297,0.5291,45.58
mappo_hebbian_r,4,552876,0.4695,0.5521,43.688
mappo_hebbian_r,4,602888,0.4989,0.5558,41.968
mappo_hebbian_r,4,653298,0.5124,0.5553,40.67
mappo_hebbian_r,4,703392,0.5453,0.5673,39.16
mappo_hebbian_r,4,753510,0.5543,0.5622,38.342
mappo_hebbian_r,4,803626,0.5555,0.5615,38.06
mappo_hebbian_r,4,853873,0.5596,0.5491,37.73
mappo_hebbian_r,4,904096,0.5672,0.5261,37.16
mappo_hebbian_r,4,954345,0.5713,0.5591,36.966
mappo_hebbian_r,4,1004698,0.5625,0.5535,37.094
mappo_hebbian_r,4,1054957,0.5536,0.5451,37.49
mappo_hebbian_r,4,1105104,0.5468,0.5596,37.186
mappo_hebbian_r,4,1155146,0.5468,0.5714,37.068
mappo_hebbian_r,4,1205350,0.5399,0.5815,36.808
mappo_hebbian_r,4,1255752,0.5375,0.5702,35.82
mappo_hebbian_r,4,1305964,0.5541,0.5638,35.448
mappo_hebbian_r,4,1356015,0.5651,0.5649,35.012
mappo_hebbian_r,4,1406176,0.563,0.5821,34.938
mappo_hebbian_r,4,1456526,0.5773,0.5527,34.458
mappo_hebbian_r,4,1506845,0.5907,0.5981,34.13
mappo_hebbian_r,4,1556866,0.5859,0.597,33.99
mappo_hebbian_r,4,1606925,0.5877,0.613,33.612
mappo_hebbian_r,4,1656987,0.5993,0.616,33.242
mappo_hebbian_r,4,1707099,0.6138,0.6244,32.336
mappo_hebbian_r,4,1757143,0.6184,0.6001,32.178
mappo_hebbian_r,4,1807277,0.6155,0.6326,32.188
mappo_hebbian_r,4,1857388,0.6365,0.628,31.408
mappo_hebbian_r,4,1907628,0.6513,0.6294,31.044
mappo_hebbian_r,4,1957882,0.6666,0.6305,30.462
mappo_hebbian_r,4,2007944,0.6686,0.6554,30.22
mappo_hebbian_r,4,2058043,0.6579,0.6289,30.918
mappo_hebbian_r,4,2108223,0.6565,0.6101,31.02
mappo_hebbian_r,4,2158345,0.6558,0.6339,30.71
mappo_hebbian_r,4,2208362,0.6531,0.6421,30.914
mappo_hebbian_r,4,2258716,0.6695,0.657,30.002
mappo_hebbian_r,4,2308887,0.6926,0.6802,28.604
mappo_hebbian_r,4,2358994,0.7008,0.6814,28.178
mappo_hebbian_r,4,2409087,0.7104,0.6884,27.922
mappo_hebbian_r,4,2459112,0.7021,0.6893,28.41
mappo_hebbian_r,4,2509127,0.6901,0.6751,29.128
mappo_hebbian_r,4,2559330,0.6907,0.6835,29.3
mappo_hebbian_r,4,2609415,0.6718,0.6662,29.736
mappo_hebbian_r,4,2659556,0.6761,0.6824,29.69
mappo_hebbian_r,4,2709610,0.6941,0.6866,28.76
mappo_hebbian_r,4,2759727,0.695,0.701,28.31
mappo_hebbian_r,4,2809824,0.6919,0.7002,28.258
mappo_hebbian_r,4,2859841,0.7121,0.7029,27.948
mappo_hebbian_r,4,2909864,0.7097,0.7091,27.826
mappo_hebbian_r,4,2959967,0.7157,0.7136,27.338
mappo_hebbian,0,50245,0.0856,0.1013,50.0
mappo_hebbian,0,100493,0.0992,0.1439,50.0
mappo_hebbian,0,150974,0.1307,0.1825,49.53
mappo_hebbian,0,201321,0.1479,0.2795,49.4825
mappo_hebbian,0,251599,0.1816,0.3172,49.228
mappo_hebbian,0,301788,0.2241,0.3578,48.636
mappo_hebbian,0,352080,0.284,0.3974,47.958
mappo_hebbian,0,402316,0.3229,0.4527,47.568
mappo_hebbian,0,452688,0.3834,0.462,46.692
mappo_hebbian,0,502848,0.4167,0.4507,45.89
mappo_hebbian,0,553213,0.4552,0.4645,45.014
mappo_hebbian,0,603248,0.4798,0.5678,44.402
mappo_hebbian,0,653318,0.5311,0.6347,43.126
mappo_hebbian,0,703701,0.5587,0.6104,42.102
mappo_hebbian,0,754019,0.5887,0.6401,41.292
mappo_hebbian,0,804248,0.624,0.7027,40.414
mappo_hebbian,0,854574,0.6425,0.6781,39.512
mappo_hebbian,0,904795,0.6538,0.68,39.1
mappo_hebbian,0,954803,0.6586,0.6777,38.762
mappo_hebbian,0,1004977,0.6719,0.6958,38.798
mappo_hebbian,0,1055042,0.6636,0.6882,39.54
mappo_hebbian,0,1105265,0.6677,0.6677,39.604
mappo_hebbian,0,1155406,0.6777,0.7054,39.29
mappo_hebbian,0,1205519,0.6851,0.7398,39.186
mappo_hebbian,0,1255535,0.6824,0.7155,38.742
mappo_hebbian,0,1305676,0.716,0.6991,37.112
mappo_hebbian,0,1355816,0.7313,0.6656,36.592
mappo_hebbian,0,1405858,0.733,0.6818,36.378
mappo_hebbian,0,1456042,0.7463,0.7113,35.96
mappo_hebbian,0,1506130,0.7514,0.7205,35.678
mappo_hebbian,0,1556314,0.7369,0.7473,36.192
mappo_hebbian,0,1606372,0.7265,0.7548,36.308
mappo_hebbian,0,1656425,0.7253,0.7761,36.22
mappo_hebbian,0,1706537,0.7314,0.7864,35.764
mappo_hebbian,0,1756869,0.7429,0.7886,35.258
mappo_hebbian,0,1807199,0.7492,0.767,34.946
mappo_hebbian,0,1857410,0.7676,0.7463,34.032
mappo_hebbian,0,1907581,0.7723,0.7922,33.846
mappo_hebbian,0,1957739,0.7811,0.824,33.346
mappo_hebbian,0,2008070,0.7802,0.7797,33.304
mappo_hebbian,0,2058247,0.7974,0.787,32.824
mappo_hebbian,0,2108525,0.8129,0.8343,32.822
mappo_hebbian,0,2158828,0.8265,0.8299,32.436
mappo_hebbian,0,2208878,0.8145,0.8344,33.126
mappo_hebbian,0,2258916,0.8282,0.8467,32.718
mappo_hebbian,0,2308972,0.8378,0.8284,32.214
mappo_hebbian,0,2359070,0.8244,0.8324,32.874
mappo_hebbian,0,2409354,0.8185,0.8449,32.928
mappo_hebbian,0,2459586,0.8224,0.8239,32.934
mappo_hebbian,0,2509633,0.8263,0.8412,32.818
mappo_hebbian,0,2559644,0.82,0.829,32.874
mappo_hebbian,0,2609665,0.823,0.8123,32.114
mappo_hebbian,0,2659940,0.8224,0.828,32.29
mappo_hebbian,0,2710265,0.8226,0.8563,31.564
mappo_hebbian,0,2760398,0.8206,0.8128,31.336
mappo_hebbian,0,2810651,0.7989,0.8511,32.286
mappo_hebbian,0,2860792,0.8108,0.8649,32.264
mappo_hebbian,0,2910987,0.834,0.8828,31.158
mappo_hebbian,0,2961234,0.8476,0.8531,30.952
mappo_hebbian,1,50325,0.0583,0.0931,50.0
mappo_hebbian,1,100434,0.1053,0.2178,49.865
mappo_hebbian,1,150530,0.1486,0.2854,49.4233
mappo_hebbian,1,200830,0.1833,0.3554,48.96
mappo_hebbian,1,250862,0.2347,0.5855,48.302
mappo_hebbian,1,301098,0.3447,0.6856,46.622
mappo_hebbian,1,351349,0.4407,0.7274,44.928
mappo_hebbian,1,401437,0.547,0.7349,42.316
mappo_hebbian,1,451483,0.6435,0.7279,39.88
mappo_hebbian,1,501717,0.6956,0.755,37.854
mappo_hebbian,1,551833,0.7227,0.7342,36.684
mappo_hebbian,1,602094,0.7415,0.7342,35.454
mappo_hebbian,1,652145,0.7385,0.7034,35.23
mappo_hebbian,1,702176,0.7227,0.7445,35.818
mappo_hebbian,1,752383,0.72,0.7555,35.978
mappo_hebbian,1,802389,0.7212,0.761,35.534
mappo_hebbian,1,852699,0.7138,0.7567,35.43
mappo_hebbian,1,902779,0.7284,0.7851,34.682
mappo_hebbian,1,953005,0.7347,0.7715,33.766
mappo_hebbian,1,1003173,0.7461,0.7695,32.816
mappo_hebbian,1,1053330,0.746,0.7723,32.54
mappo_hebbian,1,1103560,0.755,0.7704,32.378
mappo_hebbian,1,1153589,0.7534,0.7804,32.91
mappo_hebbian,1,1203665,0.7608,0.7521,32.87
mappo_hebbian,1,1253830,0.7646,0.7849,33.152
mappo_hebbian,1,1303849,0.776,0.7869,32.798
mappo_hebbian,1,1354161,0.7756,0.817,32.652
mappo_hebbian,1,1404400,0.7746,0.8213,32.282
mappo_hebbian,1,1454586,0.7808,0.8044,31.746
mappo_hebbian,1,1504641,0.7772,0.802,31.644
mappo_hebbian,1,1554655,0.7776,0.8117,31.738
mappo_hebbian,1,1604933,0.7932,0.8405,30.596
mappo_hebbian,1,1654935,0.7964,0.8513,30.334
mappo_hebbian,1,1705127,0.7916,0.8408,29.972
mappo_hebbian,1,1755419,0.8063,0.8568,29.294
mappo_hebbian,1,1805534,0.7992,0.8576,29.03
mappo_hebbian,1,1855728,0.8049,0.8633,28.972
mappo_hebbian,1,1905940,0.8164,0.8717,28.166
mappo_hebbian,1,1955982,0.8272,0.8866,27.926
mappo_hebbian,1,2006125,0.8434,0.9021,27.366
mappo_hebbian,1,2056326,0.867,0.8787,26.912
mappo_hebbian,1,2106563,0.8732,0.8898,26.826
mappo_hebbian,1,2156721,0.8744,0.908,26.906
mappo_hebbian,1,2206752,0.8967,0.8998,26.374
mappo_hebbian,1,2256845,0.8742,0.8868,26.768
mappo_hebbian,1,2306857,0.8682,0.8903,26.706
mappo_hebbian,1,2357087,0.8783,0.9063,26.37
mappo_hebbian,1,2407181,0.8905,0.9175,25.77
mappo_hebbian,1,2457424,0.89,0.926,26.164
mappo_hebbian,1,2507473,0.9156,0.9059,25.72
mappo_hebbian,1,2557764,0.9281,0.8758,25.244
mappo_hebbian,1,2608016,0.9119,0.9204,25.6
mappo_hebbian,1,2658058,0.9063,0.9128,25.764
mappo_hebbian,1,2708149,0.9132,0.9107,25.178
mappo_hebbian,1,2758259,0.9213,0.9149,24.756
mappo_hebbian,1,2808386,0.9087,0.9253,25.346
mappo_hebbian,1,2858586,0.9242,0.9163,25.454
mappo_hebbian,1,2908739,0.9132,0.9057,26.114
mappo_hebbian,1,2958902,0.9043,0.9146,26.002
mappo_hebbian,2,50359,0.1089,0.0833,49.78
mappo_hebbian,2,100725,0.1179,0.1424,49.89
mappo_hebbian,2,150767,0.1474,0.2213,49.65
mappo_hebbian,2,201068,0.1726,0.261,49.7375
mappo_hebbian,2,251230,0.1908,0.2726,49.682
mappo_hebbian,2,301513,0.2253,0.3042,49.686
mappo_hebbian,2,351742,0.2542,0.2994,49.534
mappo_hebbian,2,402000,0.2782,0.332,49.22
mappo_hebbian,2,452403,0.294,0.3467,48.566
mappo_hebbian,2,502851,0.3127,0.3667,48.244
mappo_hebbian,2,552981,0.3278,0.3713,47.674
mappo_hebbian,2,603095,0.358,0.3778,46.582
mappo_hebbian,2,653403,0.3775,0.4307,46.164
mappo_hebbian,2,703847,0.4108,0.4646,45.384
mappo_hebbian,2,754152,0.4267,0.4694,44.918
mappo_hebbian,2,804291,0.4592,0.4783,44.038
mappo_hebbian,2,854514,0.466,0.5229,44.052
mappo_hebbian,2,904872,0.4686,0.5354,43.396
mappo_hebbian,2,954987,0.4822,0.5653,43.308
mappo_hebbian,2,1005357,0.5203,0.5506,42.284
mappo_hebbian,2,1055424,0.536,0.6043,42.006
mappo_hebbian,2,1105562,0.5593,0.6146,41.516
mappo_hebbian,2,1155926,0.5947,0.6251,41.368
mappo_hebbian,2,1205965,0.6094,0.6569,40.86
mappo_hebbian,2,1256168,0.6266,0.6427,40.518
mappo_hebbian,2,1306318,0.646,0.6925,39.946
mappo_hebbian,2,1356382,0.691,0.6934,39.002
mappo_hebbian,2,1406389,0.7036,0.6826,38.326
mappo_hebbian,2,1456569,0.7232,0.6825,38.028
mappo_hebbian,2,1506735,0.7124,0.693,37.716
mappo_hebbian,2,1556825,0.6961,0.6885,37.54
mappo_hebbian,2,1606977,0.6889,0.6966,37.072
mappo_hebbian,2,1657305,0.6995,0.6819,36.418
mappo_hebbian,2,1707514,0.6879,0.6846,36.024
mappo_hebbian,2,1757799,0.6807,0.6971,36.446
mappo_hebbian,2,1808160,0.6922,0.6978,36.664
mappo_hebbian,2,1858328,0.6779,0.6997,37.052
mappo_hebbian,2,1908557,0.6584,0.6453,37.598
mappo_hebbian,2,1958911,0.6617,0.6842,36.822
mappo_hebbian,2,2009037,0.6607,0.6693,36.334
mappo_hebbian,2,2059263,0.6476,0.6782,36.574
mappo_hebbian,2,2109370,0.6632,0.684,36.35
mappo_hebbian,2,2159522,0.6763,0.6953,35.98
mappo_hebbian,2,2209752,0.6839,0.7353,35.954
mappo_hebbian,2,2259796,0.6775,0.7302,36.126
mappo_hebbian,2,2310088,0.7073,0.7577,35.152
mappo_hebbian,2,2360305,0.7013,0.7397,35.244
mappo_hebbian,2,2410403,0.7164,0.713,34.836
mappo_hebbian,2,2460421,0.7195,0.7415,34.84
mappo_hebbian,2,2510647,0.7412,0.749,34.214
mappo_hebbian,2,2560690,0.7332,0.7594,34.548
mappo_hebbian,2,2610859,0.7447,0.7695,33.43
mappo_hebbian,2,2660997,0.7379,0.7627,33.306
mappo_hebbian,2,2711224,0.7373,0.7409,33.122
mappo_hebbian,2,2761417,0.7428,0.7541,32.902
mappo_hebbian,2,2811521,0.7325,0.7584,33.358
mappo_hebbian,2,2861881,0.7177,0.701,33.974
mappo_hebbian,2,2911935,0.7186,0.7672,33.888
mappo_hebbian,2,2962079,0.7341,0.7863,33.376
mappo_hebbian,3,50475,0.0528,0.076,50.0
mappo_hebbian,3,100778,0.0849,0.1179,50.0
mappo_hebbian,3,150970,0.1143,0.2043,49.84
mappo_hebbian,3,200981,0.1463,0.2525,49.69
mappo_hebbian,3,251118,0.1752,0.2998,49.694
mappo_hebbian,3,301425,0.2337,0.4646,49.244
mappo_hebbian,3,351588,0.3411,0.6838,47.356
mappo_hebbian,3,401730,0.4523,0.7299,44.978
mappo_hebbian,3,451783,0.5673,0.7355,41.946
mappo_hebbian,3,501949,0.6524,0.7297,39.768
mappo_hebbian,3,552042,0.7439,0.7279,36.798
mappo_hebbian,3,602216,0.7358,0.7082,36.66
mappo_hebbian,3,652426,0.7396,0.7105,36.39
mappo_hebbian,3,702774,0.7256,0.7279,36.434
mappo_hebbian,3,753170,0.6947,0.7569,37.232
mappo_hebbian,3,803209,0.7074,0.7145,36.82
mappo_hebbian,3,853307,0.7101,0.7483,36.158
mappo_hebbian,3,903543,0.7159,0.7798,35.388
mappo_hebbian,3,953548,0.7216,0.797,34.35
mappo_hebbian,3,1003786,0.756,0.788,32.542
mappo_hebbian,3,1053834,0.7801,0.7777,30.926
mappo_hebbian,3,1104013,0.7715,0.8015,30.832
mappo_hebbian,3,1154078,0.7683,0.8012,30.358
mappo_hebbian,3,1204272,0.787,0.7906,30.12
mappo_hebbian,3,1254531,0.7813,0.8032,30.216
mappo_hebbian,3,1304573,0.7892,0.8227,30.016
mappo_hebbian,3,1354711,0.8144,0.8506,29.164
mappo_hebbian,3,1404803,0.8331,0.8728,28.676
mappo_hebbian,3,1454953,0.8425,0.8713,27.918
mappo_hebbian,3,1505106,0.8505,0.8825,27.842
mappo_hebbian,3,1555395,0.85,0.8541,28.058
mappo_hebbian,3,1605615,0.8519,0.8597,27.832
mappo_hebbian,3,1655783,0.8639,0.881,27.11
mappo_hebbian,3,1705843,0.8538,0.8504,27.19
mappo_hebbian,3,1755952,0.8731,0.8559,26.924
mappo_hebbian,3,1806023,0.8919,0.8925,26.42
mappo_hebbian,3,1856028,0.903,0.9025,26.198
mappo_hebbian,3,1906207,0.9015,0.9079,26.37
mappo_hebbian,3,1956434,0.9114,0.933,26.162
mappo_hebbian,3,2006572,0.9217,0.9054,25.564
mappo_hebbian,3,2056725,0.9302,0.9447,24.916
mappo_hebbian,3,2106791,0.9357,0.9373,25.09
mappo_hebbian,3,2156951,0.9458,0.9294,24.774
mappo_hebbian,3,2207059,0.9657,0.9425,24.324
mappo_hebbian,3,2257235,0.9609,0.9421,24.502
mappo_hebbian,3,2307464,0.954,0.9357,24.626
mappo_hebbian,3,2357508,0.9583,0.9222,23.968
mappo_hebbian,3,2407606,0.9506,0.9316,24.608
mappo_hebbian,3,2457746,0.9358,0.9337,25.026
mappo_hebbian,3,2507833,0.9389,0.9208,25.004
mappo_hebbian,3,2557871,0.9359,0.9388,25.13
mappo_hebbian,3,2608157,0.9352,0.9321,25.456
mappo_hebbian,3,2658397,0.9284,0.9522,25.478
mappo_hebbian,3,2708657,0.9231,0.9408,25.766
mappo_hebbian,3,2758667,0.9032,0.954,26.176
mappo_hebbian,3,2808839,0.9081,0.9529,25.812
mappo_hebbian,3,2858875,0.9107,0.946,25.794
mappo_hebbian,3,2908946,0.9236,0.948,25.2
mappo_hebbian,3,2959016,0.926,0.9455,25.126
mappo_hebbian,4,50416,0.0797,0.0987,50.0
mappo_hebbian,4,100574,0.1074,0.1597,49.95
mappo_hebbian,4,151059,0.1454,0.2638,49.83
mappo_hebbian,4,201556,0.2508,0.4082,49.114
mappo_hebbian,4,251961,0.3379,0.4968,48.524
mappo_hebbian,4,302224,0.4124,0.5773,47.644
mappo_hebbian,4,352419,0.5053,0.6146,45.902
mappo_hebbian,4,402736,0.5586,0.6565,44.458
mappo_hebbian,4,452926,0.61,0.6806,42.786
mappo_hebbian,4,503330,0.6652,0.7023,40.586
mappo_hebbian,4,553449,0.7088,0.7272,39.054
mappo_hebbian,4,603454,0.707,0.6944,39.032
mappo_hebbian,4,653890,0.7117,0.6826,38.542
mappo_hebbian,4,704121,0.7322,0.7147,37.8
mappo_hebbian,4,754183,0.7199,0.7047,37.518
mappo_hebbian,4,804204,0.7178,0.7046,37.226
mappo_hebbian,4,854223,0.7281,0.7036,36.3
mappo_hebbian,4,904406,0.7054,0.6965,36.548
mappo_hebbian,4,954654,0.6897,0.6979,36.662
mappo_hebbian,4,1004698,0.6951,0.7123,36.522
mappo_hebbian,4,1054763,0.6987,0.7423,36.028
mappo_hebbian,4,1105002,0.7149,0.7338,35.262
mappo_hebbian,4,1155070,0.7604,0.7408,33.742
mappo_hebbian,4,1205252,0.7608,0.7294,33.542
mappo_hebbian,4,1255503,0.7602,0.7111,33.272
mappo_hebbian,4,1305803,0.784,0.7717,32.946
mappo_hebbian,4,1355814,0.7786,0.7979,32.91
mappo_hebbian,4,1405815,0.7746,0.766,32.898
mappo_hebbian,4,1455882,0.7663,0.7686,33.098
mappo_hebbian,4,1505938,0.7811,0.7567,32.524
mappo_hebbian,4,1556089,0.7528,0.7694,32.67
mappo_hebbian,4,1606216,0.7529,0.7895,32.794
mappo_hebbian,4,1656399,0.7648,0.782,32.334
mappo_hebbian,4,1706423,0.7846,0.7959,31.374
mappo_hebbian,4,1756453,0.7957,0.828,31.492
mappo_hebbian,4,1806562,0.8071,0.8546,31.434
mappo_hebbian,4,1856632,0.8075,0.823,31.258
mappo_hebbian,4,1906947,0.803,0.8233,31.228
mappo_hebbian,4,1957030,0.811,0.836,31.15
mappo_hebbian,4,2007237,0.7862,0.8468,31.358
mappo_hebbian,4,2057389,0.7701,0.7893,31.138
mappo_hebbian,4,2107783,0.7797,0.8146,30.822
mappo_hebbian,4,2157813,0.7894,0.8379,30.628
mappo_hebbian,4,2208009,0.793,0.8292,29.84
mappo_hebbian,4,2258068,0.7968,0.8347,29.948
mappo_hebbian,4,2308096,0.8063,0.849,30.366
mappo_hebbian,4,2358213,0.8179,0.8557,29.846
mappo_hebbian,4,2408444,0.8238,0.867,29.382
mappo_hebbian,4,2458593,0.8294,0.875,29.932
mappo_hebbian,4,2508684,0.8529,0.8675,29.094
mappo_hebbian,4,2558914,0.879,0.8968,27.726
mappo_hebbian,4,2608923,0.876,0.8718,27.696
mappo_hebbian,4,2659033,0.8784,0.8606,28.022
mappo_hebbian,4,2709242,0.8733,0.8645,27.63
mappo_hebbian,4,2759321,0.8777,0.8512,27.628
mappo_hebbian,4,2809632,0.8958,0.8713,27.272
mappo_hebbian,4,2859651,0.8877,0.8995,27.664
mappo_hebbian,4,2909742,0.8938,0.8941,27.376
mappo_hebbian,4,2959807,0.9103,0.8971,27.256
mappo_hebbian_uniform_r,0,50401,0.0907,0.0996,50.0
mappo_hebbian_uniform_r,0,100649,0.1059,0.1711,49.815
mappo_hebbian_uniform_r,0,150716,0.1554,0.2756,49.4867
mappo_hebbian_uniform_r,0,201067,0.2123,0.4113,48.685
mappo_hebbian_uniform_r,0,251323,0.2559,0.5542,47.962
mappo_hebbian_uniform_r,0,301519,0.3399,0.705,46.682
mappo_hebbian_uniform_r,0,351708,0.4633,0.7198,44.462
mappo_hebbian_uniform_r,0,401767,0.5523,0.7526,42.56
mappo_hebbian_uniform_r,0,452050,0.6291,0.7178,40.794
mappo_hebbian_uniform_r,0,502362,0.6952,0.7194,38.664
mappo_hebbian_uniform_r,0,552757,0.7383,0.7166,36.634
mappo_hebbian_uniform_r,0,603008,0.7457,0.7212,35.924
mappo_hebbian_uniform_r,0,653363,0.7424,0.7506,35.364
mappo_hebbian_uniform_r,0,703446,0.7424,0.7543,35.072
mappo_hebbian_uniform_r,0,753591,0.7209,0.7351,35.088
mappo_hebbian_uniform_r,0,803892,0.7501,0.7205,33.814
mappo_hebbian_uniform_r,0,854112,0.7577,0.7449,32.792
mappo_hebbian_uniform_r,0,904192,0.7751,0.7607,32.322
mappo_hebbian_uniform_r,0,954223,0.7603,0.7637,32.904
mappo_hebbian_uniform_r,0,1004439,0.7922,0.7659,31.998
mappo_hebbian_uniform_r,0,1054722,0.7797,0.7581,32.548
mappo_hebbian_uniform_r,0,1104797,0.7688,0.7755,33.142
mappo_hebbian_uniform_r,0,1155148,0.739,0.7798,33.242
mappo_hebbian_uniform_r,0,1205405,0.7638,0.7681,32.32
mappo_hebbian_uniform_r,0,1255594,0.7586,0.81,32.124
mappo_hebbian_uniform_r,0,1305828,0.7697,0.8158,31.372
mappo_hebbian_uniform_r,0,1356109,0.7583,0.7985,31.432
mappo_hebbian_uniform_r,0,1406248,0.7912,0.8124,30.65
mappo_hebbian_uniform_r,0,1456418,0.7971,0.8198,30.3
mappo_hebbian_uniform_r,0,1506452,0.7973,0.848,30.228
mappo_hebbian_uniform_r,0,1556533,0.7903,0.8446,29.856
mappo_hebbian_uniform_r,0,1606604,0.827,0.8459,28.61
mappo_hebbian_uniform_r,0,1656683,0.821,0.8437,28.32
mappo_hebbian_uniform_r,0,1706848,0.8215,0.8589,27.768
mappo_hebbian_uniform_r,0,1756942,0.8437,0.8594,26.876
mappo_hebbian_uniform_r,0,1807039,0.8567,0.8658,26.902
mappo_hebbian_uniform_r,0,1857072,0.861,0.8573,26.994
mappo_hebbian_uniform_r,0,1907236,0.8563,0.8313,27.404
mappo_hebbian_uniform_r,0,1957329,0.8748,0.8425,27.16
mappo_hebbian_uniform_r,0,2007380,0.858,0.8982,27.988
mappo_hebbian_uniform_r,0,2057514,0.8721,0.8955,27.466
mappo_hebbian_uniform_r,0,2107525,0.8809,0.9052,26.882
mappo_hebbian_uniform_r,0,2157680,0.8839,0.886,26.822
mappo_hebbian_uniform_r,0,2207768,0.8783,0.9071,26.762
mappo_hebbian_uniform_r,0,2257962,0.8986,0.9116,26.268
mappo_hebbian_uniform_r,0,2307981,0.9015,0.9199,26.344
mappo_hebbian_uniform_r,0,2358077,0.904,0.9155,26.266
mappo_hebbian_uniform_r,0,2408187,0.9294,0.933,25.452
mappo_hebbian_uniform_r,0,2458343,0.9216,0.9399,25.862
mappo_hebbian_uniform_r,0,2508514,0.9176,0.937,25.744
mappo_hebbian_uniform_r,0,2558525,0.9212,0.9374,25.564
mappo_hebbian_uniform_r,0,2608706,0.9251,0.9415,25.3
mappo_hebbian_uniform_r,0,2658747,0.9242,0.9493,25.016
mappo_hebbian_uniform_r,0,2708900,0.9391,0.9462,24.264
mappo_hebbian_uniform_r,0,2759109,0.939,0.9623,23.878
mappo_hebbian_uniform_r,0,2809359,0.9405,0.9599,23.828
mappo_hebbian_uniform_r,0,2859468,0.9444,0.9555,23.784
mappo_hebbian_uniform_r,0,2909683,0.9501,0.9614,23.578
mappo_hebbian_uniform_r,0,2959804,0.9558,0.9535,23.232
mappo_hebbian_uniform_r,1,50266,0.0515,0.1098,50.0
mappo_hebbian_uniform_r,1,100709,0.109,0.2001,50.0
mappo_hebbian_uniform_r,1,150750,0.1398,0.2687,49.7567
mappo_hebbian_uniform_r,1,200818,0.1743,0.3762,49.1375
mappo_hebbian_uniform_r,1,251082,0.2381,0.5787,48.258
mappo_hebbian_uniform_r,1,301185,0.3575,0.6723,46.624
mappo_hebbian_uniform_r,1,351236,0.4592,0.718,44.492
mappo_hebbian_uniform_r,1,401372,0.5519,0.7269,42.19
mappo_hebbian_uniform_r,1,451717,0.6482,0.7341,40.114
mappo_hebbian_uniform_r,1,501772,0.6933,0.7384,38.43
mappo_hebbian_uniform_r,1,552102,0.7092,0.7498,37.424
mappo_hebbian_uniform_r,1,602183,0.721,0.7121,36.744
mappo_hebbian_uniform_r,1,652480,0.7486,0.7344,36.026
mappo_hebbian_uniform_r,1,702819,0.7352,0.7376,36.17
mappo_hebbian_uniform_r,1,752950,0.7532,0.7455,35.392
mappo_hebbian_uniform_r,1,803245,0.7627,0.7679,34.56
mappo_hebbian_uniform_r,1,853425,0.7727,0.792,33.498
mappo_hebbian_uniform_r,1,903480,0.7689,0.7712,33.152
mappo_hebbian_uniform_r,1,953758,0.7745,0.7861,32.46
mappo_hebbian_uniform_r,1,1003860,0.7541,0.7558,32.928
mappo_hebbian_uniform_r,1,1053988,0.7609,0.7924,32.436
mappo_hebbian_uniform_r,1,1104366,0.7682,0.8049,32.296
mappo_hebbian_uniform_r,1,1154488,0.7647,0.8024,31.89
mappo_hebbian_uniform_r,1,1204768,0.7739,0.7926,31.388
mappo_hebbian_uniform_r,1,1254809,0.7949,0.8088,30.332
mappo_hebbian_uniform_r,1,1304950,0.7844,0.8148,30.422
mappo_hebbian_uniform_r,1,1354955,0.7892,0.8201,30.524
mappo_hebbian_uniform_r,1,1405009,0.813,0.847,29.964
mappo_hebbian_uniform_r,1,1455218,0.8197,0.8278,29.494
mappo_hebbian_uniform_r,1,1505453,0.8206,0.8372,29.752
mappo_hebbian_uniform_r,1,1555577,0.8451,0.8493,29.136
mappo_hebbian_uniform_r,1,1605736,0.842,0.8665,28.614
mappo_hebbian_uniform_r,1,1655836,0.8326,0.8795,29.036
mappo_hebbian_uniform_r,1,1705862,0.8341,0.8474,29.12
mappo_hebbian_uniform_r,1,1755904,0.8477,0.8733,28.076
mappo_hebbian_uniform_r,1,1806147,0.8583,0.8876,27.646
mappo_hebbian_uniform_r,1,1856326,0.8631,0.9032,27.394
mappo_hebbian_uniform_r,1,1906579,0.8664,0.9059,27.01
mappo_hebbian_uniform_r,1,1956679,0.8904,0.8809,26.384
mappo_hebbian_uniform_r,1,2006805,0.8977,0.9066,26.428
mappo_hebbian_uniform_r,1,2056962,0.9003,0.9041,26.166
mappo_hebbian_uniform_r,1,2107159,0.9133,0.9173,26.018
mappo_hebbian_uniform_r,1,2157278,0.9201,0.9299,25.7
mappo_hebbian_uniform_r,1,2207488,0.9216,0.9418,25.308
mappo_hebbian_uniform_r,1,2257696,0.9301,0.9544,24.888
mappo_hebbian_uniform_r,1,2307805,0.924,0.9414,25.33
mappo_hebbian_uniform_r,1,2357889,0.9273,0.9259,25.144
mappo_hebbian_uniform_r,1,2408147,0.9469,0.9544,24.406
mappo_hebbian_uniform_r,1,2458370,0.9537,0.9514,24.256
mappo_hebbian_uniform_r,1,2508536,0.9463,0.9466,24.48
mappo_hebbian_uniform_r,1,2558779,0.9467,0.96,24.568
mappo_hebbian_uniform_r,1,2608898,0.9563,0.9514,23.97
mappo_hebbian_uniform_r,1,2658902,0.9428,0.9365,24.504
mappo_hebbian_uniform_r,1,2708944,0.9368,0.96,24.492
mappo_hebbian_uniform_r,1,2758977,0.9498,0.9643,23.71
mappo_hebbian_uniform_r,1,2809199,0.9651,0.963,22.7
mappo_hebbian_uniform_r,1,2859324,0.9498,0.9541,23.372
mappo_hebbian_uniform_r,1,2909369,0.9598,0.954,22.528
mappo_hebbian_uniform_r,1,2959528,0.9474,0.9494,22.924
mappo_hebbian_uniform_r,2,50418,0.1042,0.0972,50.0
mappo_hebbian_uniform_r,2,100902,0.1013,0.104,50.0
mappo_hebbian_uniform_r,2,151291,0.1236,0.1659,49.9133
mappo_hebbian_uniform_r,2,201776,0.1752,0.2413,49.596
mappo_hebbian_uniform_r,2,252257,0.2139,0.2803,49.436
mappo_hebbian_uniform_r,2,302271,0.2493,0.2985,49.12
mappo_hebbian_uniform_r,2,352432,0.2993,0.3197,48.146
mappo_hebbian_uniform_r,2,402802,0.3257,0.3439,47.644
mappo_hebbian_uniform_r,2,452951,0.3538,0.4061,47.052
mappo_hebbian_uniform_r,2,503169,0.4105,0.5106,46.066
mappo_hebbian_uniform_r,2,553181,0.4985,0.6374,44.158
mappo_hebbian_uniform_r,2,603424,0.554,0.6892,43.138
mappo_hebbian_uniform_r,2,653685,0.6235,0.6985,41.374
mappo_hebbian_uniform_r,2,703943,0.6796,0.7077,39.922
mappo_hebbian_uniform_r,2,754259,0.7099,0.7171,38.216
mappo_hebbian_uniform_r,2,804394,0.7275,0.7134,37.204
mappo_hebbian_uniform_r,2,854736,0.7413,0.7489,36.434
mappo_hebbian_uniform_r,2,905001,0.738,0.7254,36.874
mappo_hebbian_uniform_r,2,955012,0.7538,0.7136,35.908
mappo_hebbian_uniform_r,2,1005245,0.7651,0.7347,35.38
mappo_hebbian_uniform_r,2,1055461,0.7337,0.7316,36.124
mappo_hebbian_uniform_r,2,1105684,0.718,0.711,36.342
mappo_hebbian_uniform_r,2,1155748,0.7297,0.7194,35.516
mappo_hebbian_uniform_r,2,1205995,0.7206,0.7423,35.826
mappo_hebbian_uniform_r,2,1256256,0.6987,0.7276,36.344
mappo_hebbian_uniform_r,2,1306371,0.7136,0.7503,36.22
mappo_hebbian_uniform_r,2,1356498,0.7336,0.7829,35.782
mappo_hebbian_uniform_r,2,1406537,0.7445,0.7208,35.322
mappo_hebbian_uniform_r,2,1456640,0.754,0.7579,34.85
mappo_hebbian_uniform_r,2,1506711,0.7642,0.776,34.544
mappo_hebbian_uniform_r,2,1556841,0.7707,0.7908,33.784
mappo_hebbian_uniform_r,2,1607137,0.7701,0.8219,33.272
mappo_hebbian_uniform_r,2,1657393,0.7857,0.796,32.418
mappo_hebbian_uniform_r,2,1707679,0.7886,0.7836,31.726
mappo_hebbian_uniform_r,2,1757749,0.7936,0.7966,31.456
mappo_hebbian_uniform_r,2,1807755,0.8101,0.8034,31.016
mappo_hebbian_uniform_r,2,1857783,0.8096,0.8241,31.148
mappo_hebbian_uniform_r,2,1907795,0.798,0.8293,31.238
mappo_hebbian_uniform_r,2,1957814,0.8028,0.8144,31.556
mappo_hebbian_uniform_r,2,2007859,0.8152,0.8234,31.056
mappo_hebbian_uniform_r,2,2057877,0.827,0.8382,30.236
mappo_hebbian_uniform_r,2,2107981,0.8458,0.8382,29.352
mappo_hebbian_uniform_r,2,2158138,0.853,0.8563,29.124
mappo_hebbian_uniform_r,2,2208328,0.855,0.8453,28.64
mappo_hebbian_uniform_r,2,2258602,0.8629,0.8691,28.29
mappo_hebbian_uniform_r,2,2308662,0.8527,0.8568,28.592
mappo_hebbian_uniform_r,2,2358839,0.8398,0.8508,28.932
mappo_hebbian_uniform_r,2,2408998,0.8376,0.8574,29.41
mappo_hebbian_uniform_r,2,2459268,0.8497,0.855,28.964
mappo_hebbian_uniform_r,2,2509483,0.8427,0.8634,29.378
mappo_hebbian_uniform_r,2,2559607,0.8369,0.8735,29.91
mappo_hebbian_uniform_r,2,2609774,0.8505,0.8597,29.382
mappo_hebbian_uniform_r,2,2660026,0.8531,0.8748,28.854
mappo_hebbian_uniform_r,2,2710250,0.8437,0.8743,29.152
mappo_hebbian_uniform_r,2,2760321,0.8531,0.8568,28.828
mappo_hebbian_uniform_r,2,2810414,0.8659,0.8975,28.25
mappo_hebbian_uniform_r,2,2860444,0.8732,0.9033,28.452
mappo_hebbian_uniform_r,2,2910665,0.8715,0.8805,28.544
mappo_hebbian_uniform_r,2,2960876,0.8834,0.8842,28.49
mappo_hebbian_uniform_r,3,50337,0.057,0.0838,50.0
mappo_hebbian_uniform_r,3,100742,0.0796,0.1149,49.92
mappo_hebbian_uniform_r,3,150991,0.1161,0.1962,49.9467
mappo_hebbian_uniform_r,3,201144,0.1458,0.3321,49.6675
mappo_hebbian_uniform_r,3,251506,0.2017,0.4929,49.47
mappo_hebbian_uniform_r,3,301565,0.2992,0.5802,48.606
mappo_hebbian_uniform_r,3,351689,0.3998,0.6176,47.622
mappo_hebbian_uniform_r,3,402076,0.4755,0.659,46.436
mappo_hebbian_uniform_r,3,452520,0.6124,0.6683,43.022
mappo_hebbian_uniform_r,3,502581,0.6433,0.6948,42.086
mappo_hebbian_uniform_r,3,552939,0.6638,0.689,40.642
mappo_hebbian_uniform_r,3,603154,0.6922,0.7182,39.146
mappo_hebbian_uniform_r,3,653450,0.6949,0.678,38.728
mappo_hebbian_uniform_r,3,703756,0.6909,0.7226,38.408
mappo_hebbian_uniform_r,3,754041,0.7026,0.7338,37.594
mappo_hebbian_uniform_r,3,804208,0.68,0.7503,38.514
mappo_hebbian_uniform_r,3,854587,0.681,0.7224,38.138
mappo_hebbian_uniform_r,3,904823,0.6885,0.7358,37.982
mappo_hebbian_uniform_r,3,954888,0.7106,0.7196,37.07
mappo_hebbian_uniform_r,3,1004994,0.6966,0.7264,37.102
mappo_hebbian_uniform_r,3,1055401,0.7275,0.7334,35.34
mappo_hebbian_uniform_r,3,1105660,0.7403,0.7331,35.174
mappo_hebbian_uniform_r,3,1155704,0.7309,0.7262,35.106
mappo_hebbian_uniform_r,3,1205793,0.7265,0.7367,34.998
mappo_hebbian_uniform_r,3,1255821,0.7454,0.7319,34.076
mappo_hebbian_uniform_r,3,1306139,0.726,0.7569,34.868
mappo_hebbian_uniform_r,3,1356322,0.7222,0.7586,34.776
mappo_hebbian_uniform_r,3,1406341,0.7331,0.7304,34.6
mappo_hebbian_uniform_r,3,1456535,0.7144,0.7772,35.122
mappo_hebbian_uniform_r,3,1506802,0.7077,0.7422,35.386
mappo_hebbian_uniform_r,3,1556987,0.7306,0.7538,34.716
mappo_hebbian_uniform_r,3,1607211,0.7379,0.7619,34.628
mappo_hebbian_uniform_r,3,1657235,0.7323,0.736,34.584
mappo_hebbian_uniform_r,3,1707640,0.7567,0.7483,33.69
mappo_hebbian_uniform_r,3,1757931,0.753,0.7616,33.49
mappo_hebbian_uniform_r,3,1808104,0.7618,0.8025,32.874
mappo_hebbian_uniform_r,3,1858327,0.7337,0.7919,33.704
mappo_hebbian_uniform_r,3,1908561,0.754,0.7788,32.902
mappo_hebbian_uniform_r,3,1958785,0.7636,0.8015,32.79
mappo_hebbian_uniform_r,3,2009014,0.7754,0.8062,32.932
mappo_hebbian_uniform_r,3,2059343,0.7764,0.8207,32.824
mappo_hebbian_uniform_r,3,2109511,0.82,0.8341,31.17
mappo_hebbian_uniform_r,3,2159754,0.8251,0.8132,30.888
mappo_hebbian_uniform_r,3,2210029,0.8195,0.8101,30.696
mappo_hebbian_uniform_r,3,2260122,0.8307,0.8222,30.448
mappo_hebbian_uniform_r,3,2310245,0.8315,0.8167,30.508
mappo_hebbian_uniform_r,3,2360341,0.8298,0.8274,30.424
mappo_hebbian_uniform_r,3,2410568,0.8168,0.8573,31.072
mappo_hebbian_uniform_r,3,2460844,0.8268,0.8487,31.088
mappo_hebbian_uniform_r,3,2510879,0.8345,0.807,30.268
mappo_hebbian_uniform_r,3,2561030,0.8481,0.8385,29.628
mappo_hebbian_uniform_r,3,2611274,0.8554,0.8283,29.316
mappo_hebbian_uniform_r,3,2661511,0.8781,0.8351,28.252
mappo_hebbian_uniform_r,3,2711664,0.8932,0.8671,27.312
mappo_hebbian_uniform_r,3,2761886,0.8818,0.8779,27.704
mappo_hebbian_uniform_r,3,2812111,0.873,0.8756,28.176
mappo_hebbian_uniform_r,3,2862396,0.8751,0.8699,28.216
mappo_hebbian_uniform_r,3,2912514,0.885,0.8781,28.23
mappo_hebbian_uniform_r,3,2962564,0.8846,0.8838,28.776
mappo_hebbian_uniform_r,4,50391,0.0839,0.0993,50.0
mappo_hebbian_uniform_r,4,100642,0.1228,0.1769,50.0
mappo_hebbian_uniform_r,4,150946,0.1612,0.2357,49.7733
mappo_hebbian_uniform_r,4,201095,0.1819,0.3155,49.57
mappo_hebbian_uniform_r,4,251207,0.2067,0.4202,49.366
mappo_hebbian_uniform_r,4,301584,0.2913,0.5068,48.518
mappo_hebbian_uniform_r,4,351851,0.3825,0.5982,47.246
mappo_hebbian_uniform_r,4,402050,0.4708,0.6773,45.344
mappo_hebbian_uniform_r,4,452164,0.5752,0.7008,43.006
mappo_hebbian_uniform_r,4,502470,0.6493,0.7154,41.54
mappo_hebbian_uniform_r,4,552748,0.6995,0.7138,40.042
mappo_hebbian_uniform_r,4,602947,0.7136,0.7099,38.76
mappo_hebbian_uniform_r,4,653131,0.7269,0.7017,38.126
mappo_hebbian_uniform_r,4,703418,0.7291,0.7074,37.75
mappo_hebbian_uniform_r,4,753576,0.7241,0.7081,37.262
mappo_hebbian_uniform_r,4,803583,0.7211,0.7261,36.974
mappo_hebbian_uniform_r,4,853661,0.7206,0.7181,37.178
mappo_hebbian_uniform_r,4,903891,0.7144,0.7301,37.316
mappo_hebbian_uniform_r,4,954306,0.707,0.7114,37.452
mappo_hebbian_uniform_r,4,1004449,0.7313,0.7168,36.51
mappo_hebbian_uniform_r,4,1054639,0.7314,0.7487,36.258
mappo_hebbian_uniform_r,4,1104890,0.7473,0.7716,35.238
mappo_hebbian_uniform_r,4,1155090,0.7631,0.782,34.666
mappo_hebbian_uniform_r,4,1205337,0.7677,0.7886,34.376
mappo_hebbian_uniform_r,4,1255499,0.7635,0.722,34.518
mappo_hebbian_uniform_r,4,1305652,0.7694,0.7636,33.866
mappo_hebbian_uniform_r,4,1355928,0.7618,0.7773,33.852
mappo_hebbian_uniform_r,4,1405996,0.764,0.775,33.42
mappo_hebbian_uniform_r,4,1456121,0.7739,0.7831,32.518
mappo_hebbian_uniform_r,4,1506122,0.7905,0.7822,31.444
mappo_hebbian_uniform_r,4,1556201,0.7933,0.7946,31.682
mappo_hebbian_uniform_r,4,1606314,0.8169,0.7992,31.086
mappo_hebbian_uniform_r,4,1656567,0.8148,0.799,31.178
mappo_hebbian_uniform_r,4,1706694,0.8167,0.8077,31.462
mappo_hebbian_uniform_r,4,1757043,0.8076,0.7899,31.746
mappo_hebbian_uniform_r,4,1807304,0.8185,0.8013,31.152
mappo_hebbian_uniform_r,4,1857400,0.8125,0.8202,31.492
mappo_hebbian_uniform_r,4,1907577,0.8114,0.8195,31.078
mappo_hebbian_uniform_r,4,1957847,0.8292,0.8378,30.424
mappo_hebbian_uniform_r,4,2007858,0.8198,0.834,30.858
mappo_hebbian_uniform_r,4,2058077,0.8106,0.8356,31.0
mappo_hebbian_uniform_r,4,2108307,0.823,0.8469,30.554
mappo_hebbian_uniform_r,4,2158577,0.8353,0.7906,30.34
mappo_hebbian_uniform_r,4,2208835,0.8275,0.8487,30.226
mappo_hebbian_uniform_r,4,2258837,0.8531,0.8665,29.14
mappo_hebbian_uniform_r,4,2309107,0.8765,0.8699,28.338
mappo_hebbian_uniform_r,4,2359258,0.8817,0.8943,28.234
mappo_hebbian_uniform_r,4,2409422,0.8903,0.9033,27.712
mappo_hebbian_uniform_r,4,2459443,0.8982,0.8837,28.086
mappo_hebbian_uniform_r,4,2509587,0.8989,0.8695,28.084
mappo_hebbian_uniform_r,4,2559681,0.8953,0.8895,28.084
mappo_hebbian_uniform_r,4,2609946,0.8811,0.8896,28.18
mappo_hebbian_uniform_r,4,2660140,0.8544,0.8959,29.484
mappo_hebbian_uniform_r,4,2710422,0.85,0.9044,29.136
mappo_hebbian_uniform_r,4,2760660,0.8556,0.8989,28.882
mappo_hebbian_uniform_r,4,2810870,0.8485,0.8936,29.012
mappo_hebbian_uniform_r,4,2861083,0.8515,0.8922,28.88
mappo_hebbian_uniform_r,4,2911219,0.8814,0.9017,27.77
mappo_hebbian_uniform_r,4,2961322,0.8747,0.8941,27.774
seac,0,50000,0.0639,0.0498,50.0
seac,0,100000,0.0319,0.0,50.0
seac,0,150000,0.0213,0.0,50.0
seac,0,200000,0.016,0.0,50.0
seac,0,250000,0.0147,0.005,50.0
seac,0,300000,0.0038,0.0124,50.0
seac,0,350000,0.0052,0.011,50.0
seac,0,400000,0.0085,0.0117,50.0
seac,0,450000,0.0098,0.0094,50.0
seac,0,500000,0.0099,0.0088,50.0
seac,0,550000,0.0109,0.0116,50.0
seac,0,600000,0.0107,0.0101,50.0
seac,0,650000,0.0086,0.0093,50.0
seac,0,700000,0.0083,0.0076,50.0
seac,0,750000,0.0081,0.0089,50.0
seac,0,800000,0.0087,0.0083,50.0
seac,0,850000,0.0088,0.007,50.0
seac,0,900000,0.01,0.0082,50.0
seac,0,950000,0.0101,0.0091,50.0
seac,0,1000000,0.0104,0.011,50.0
seac,0,1050000,0.0085,0.0104,50.0
seac,0,1100000,0.0085,0.0085,50.0
seac,0,1150000,0.0083,0.0078,50.0
seac,0,1200000,0.0089,0.0068,50.0
seac,0,1250000,0.0096,0.0057,50.0
seac,0,1300000,0.0088,0.0078,50.0
seac,0,1350000,0.0089,0.0098,50.0
seac,0,1400000,0.0081,0.0073,50.0
seac,0,1450000,0.0086,0.0099,50.0
seac,0,1500000,0.007,0.0073,50.0
seac,0,1550000,0.0082,0.0103,50.0
seac,0,1600000,0.0085,0.006,50.0
seac,0,1650000,0.0091,0.0068,50.0
seac,0,1700000,0.0086,0.0075,50.0
seac,0,1750000,0.0088,0.0086,50.0
seac,0,1800000,0.0092,0.0076,50.0
seac,0,1850000,0.0094,0.0093,50.0
seac,0,1900000,0.0092,0.0076,50.0
seac,0,1950000,0.0087,0.0079,50.0
seac,0,2000000,0.0097,0.0074,50.0
seac,0,2050000,0.0083,0.0089,50.0
seac,0,2100000,0.0066,0.0085,50.0
seac,0,2150000,0.0067,0.0117,50.0
seac,0,2200000,0.0077,0.0075,50.0
seac,0,2250000,0.0073,0.0106,50.0
seac,0,2300000,0.0069,0.0078,50.0
seac,0,2350000,0.0091,0.0119,50.0
seac,0,2400000,0.0093,0.0076,50.0
seac,0,2450000,0.0074,0.0077,50.0
seac,0,2500000,0.0062,0.0087,50.0
seac,0,2550000,0.0087,0.0091,50.0
seac,0,2600000,0.0083,0.0084,50.0
seac,0,2650000,0.0081,0.0097,50.0
seac,0,2700000,0.0087,0.006,50.0
seac,0,2750000,0.0115,0.0088,50.0
seac,0,2800000,0.0097,0.0064,50.0
seac,0,2850000,0.0108,0.01,50.0
seac,0,2900000,0.0137,0.007,50.0
seac,0,2950000,0.0138,0.0089,50.0
seac,0,3000000,0.0114,0.0109,50.0
seac,1,50000,0.0766,0.0377,50.0
seac,1,100000,0.0383,0.0,50.0
seac,1,150000,0.0255,0.0044,50.0
seac,1,200000,0.028,0.0243,50.0
seac,1,250000,0.0271,0.0307,50.0
seac,1,300000,0.0169,0.0256,50.0
seac,1,350000,0.023,0.0297,50.0
seac,1,400000,0.0263,0.0284,50.0
seac,1,450000,0.0253,0.028,50.0
seac,1,500000,0.0265,0.0284,50.0
seac,1,550000,0.0268,0.0264,50.0
seac,1,600000,0.0258,0.0291,50.0
seac,1,650000,0.0252,0.0305,50.0
seac,1,700000,0.0285,0.0284,50.0
seac,1,750000,0.0288,0.0269,50.0
seac,1,800000,0.0299,0.0263,50.0
seac,1,850000,0.0308,0.024,50.0
seac,1,900000,0.0333,0.0235,50.0
seac,1,950000,0.0291,0.0275,50.0
seac,1,1000000,0.0274,0.0295,50.0
seac,1,1050000,0.0247,0.0291,50.0
seac,1,1100000,0.023,0.0237,50.0
seac,1,1150000,0.0226,0.0291,50.0
seac,1,1200000,0.021,0.023,50.0
seac,1,1250000,0.0229,0.0236,50.0
seac,1,1300000,0.0236,0.027,50.0
seac,1,1350000,0.0275,0.028,50.0
seac,1,1400000,0.0278,0.0225,50.0
seac,1,1450000,0.0292,0.0271,50.0
seac,1,1500000,0.0298,0.0275,50.0
seac,1,1550000,0.031,0.0272,50.0
seac,1,1600000,0.0277,0.0275,50.0
seac,1,1650000,0.0276,0.0306,50.0
seac,1,1700000,0.0283,0.0213,50.0
seac,1,1750000,0.024,0.0303,50.0
seac,1,1800000,0.0278,0.024,50.0
seac,1,1850000,0.0302,0.0228,50.0
seac,1,1900000,0.0318,0.0231,50.0
seac,1,1950000,0.0334,0.0246,50.0
seac,1,2000000,0.0345,0.0259,50.0
seac,1,2050000,0.0323,0.0259,50.0
seac,1,2100000,0.0298,0.0269,50.0
seac,1,2150000,0.0289,0.0274,50.0
seac,1,2200000,0.0281,0.0254,50.0
seac,1,2250000,0.0291,0.0262,50.0
seac,1,2300000,0.0265,0.0246,50.0
seac,1,2350000,0.0275,0.0265,50.0
seac,1,2400000,0.0239,0.0267,50.0
seac,1,2450000,0.0199,0.0244,50.0
seac,1,2500000,0.0202,0.023,50.0
seac,1,2550000,0.0222,0.0247,50.0
seac,1,2600000,0.0204,0.0248,50.0
seac,1,2650000,0.0235,0.0323,50.0
seac,1,2700000,0.0273,0.0229,50.0
seac,1,2750000,0.0249,0.0225,50.0
seac,1,2800000,0.026,0.0251,50.0
seac,1,2850000,0.0293,0.024,50.0
seac,1,2900000,0.0282,0.0207,50.0
seac,1,2950000,0.0285,0.0278,50.0
seac,1,3000000,0.0292,0.0266,50.0
seac,2,50000,0.0771,0.0108,50.0
seac,2,100000,0.0401,0.0123,50.0
seac,2,150000,0.0365,0.0155,50.0
seac,2,200000,0.0306,0.0186,50.0
seac,2,250000,0.0273,0.0164,50.0
seac,2,300000,0.0119,0.0,50.0
seac,2,350000,0.0113,0.0,50.0
seac,2,400000,0.0054,0.0,50.0
seac,2,450000,0.0029,0.0,50.0
seac,2,500000,0.0,0.0,50.0
seac,2,550000,0.0,0.0,50.0
seac,2,600000,0.0,0.0,50.0
seac,2,650000,0.0,0.0,50.0
seac,2,700000,0.0,0.0,50.0
seac,2,750000,0.0,0.0,50.0
seac,2,800000,0.0,0.0,50.0
seac,2,850000,0.0,0.0,50.0
seac,2,900000,0.0,0.0,50.0
seac,2,950000,0.0,0.0,50.0
seac,2,1000000,0.0,0.0,50.0
seac,2,1050000,0.0,0.0,50.0
seac,2,1100000,0.0,0.0,50.0
seac,2,1150000,0.0,0.0,50.0
seac,2,1200000,0.0,0.0,50.0
seac,2,1250000,0.0,0.0,50.0
seac,2,1300000,0.0,0.0,50.0
seac,2,1350000,0.0,0.0,50.0
seac,2,1400000,0.0,0.0,50.0
seac,2,1450000,0.0,0.0,50.0
seac,2,1500000,0.0,0.0,50.0
seac,2,1550000,0.0,0.0,50.0
seac,2,1600000,0.0,0.0,50.0
seac,2,1650000,0.0,0.0,50.0
seac,2,1700000,0.0,0.0,50.0
seac,2,1750000,0.0,0.0,50.0
seac,2,1800000,0.0,0.0,50.0
seac,2,1850000,0.0,0.0,50.0
seac,2,1900000,0.0,0.0,50.0
seac,2,1950000,0.0,0.0,50.0
seac,2,2000000,0.0,0.0,50.0
seac,2,2050000,0.0,0.0,50.0
seac,2,2100000,0.0,0.0,50.0
seac,2,2150000,0.0,0.0,50.0
seac,2,2200000,0.0,0.0,50.0
seac,2,2250000,0.0,0.0,50.0
seac,2,2300000,0.0,0.0,50.0
seac,2,2350000,0.0,0.0,50.0
seac,2,2400000,0.0,0.0,50.0
seac,2,2450000,0.0,0.0,50.0
seac,2,2500000,0.0,0.0,50.0
seac,2,2550000,0.0,0.0,50.0
seac,2,2600000,0.0,0.0,50.0
seac,2,2650000,0.0,0.0,50.0
seac,2,2700000,0.0,0.0,50.0
seac,2,2750000,0.0,0.0,50.0
seac,2,2800000,0.0,0.0,50.0
seac,2,2850000,0.0,0.0,50.0
seac,2,2900000,0.0,0.0,50.0
seac,2,2950000,0.0,0.0,50.0
seac,2,3000000,0.0,0.0,50.0
seac,3,50000,0.0902,0.0312,50.0
seac,3,100000,0.0451,0.0,50.0
seac,3,150000,0.0301,0.0,50.0
seac,3,200000,0.0225,0.0,50.0
seac,3,250000,0.018,0.0059,50.0
seac,3,300000,0.0012,0.0097,50.0
seac,3,350000,0.0026,0.0074,50.0
seac,3,400000,0.0053,0.0085,50.0
seac,3,450000,0.0056,0.0092,50.0
seac,3,500000,0.0067,0.0105,50.0
seac,3,550000,0.0085,0.008,50.0
seac,3,600000,0.0104,0.006,50.0
seac,3,650000,0.0087,0.0081,50.0
seac,3,700000,0.0096,0.0077,50.0
seac,3,750000,0.0115,0.0087,50.0
seac,3,800000,0.0105,0.0049,50.0
seac,3,850000,0.0095,0.0082,50.0
seac,3,900000,0.0092,0.0081,50.0
seac,3,950000,0.0119,0.0085,50.0
seac,3,1000000,0.0106,0.0077,50.0
seac,3,1050000,0.0103,0.0077,50.0
seac,3,1100000,0.0091,0.007,50.0
seac,3,1150000,0.0111,0.0065,50.0
seac,3,1200000,0.0084,0.0074,50.0
seac,3,1250000,0.0075,0.0088,50.0
seac,3,1300000,0.009,0.0081,50.0
seac,3,1350000,0.0092,0.0085,50.0
seac,3,1400000,0.0079,0.006,50.0
seac,3,1450000,0.009,0.0067,50.0
seac,3,1500000,0.0103,0.0088,50.0
seac,3,1550000,0.0086,0.0086,50.0
seac,3,1600000,0.0096,0.009,50.0
seac,3,1650000,0.011,0.0086,50.0
seac,3,1700000,0.011,0.0088,50.0
seac,3,1750000,0.0107,0.0102,50.0
seac,3,1800000,0.0114,0.0077,50.0
seac,3,1850000,0.011,0.0117,50.0
seac,3,1900000,0.01,0.0058,50.0
seac,3,1950000,0.0109,0.0079,50.0
seac,3,2000000,0.0103,0.0094,50.0
seac,3,2050000,0.0104,0.0105,50.0
seac,3,2100000,0.0087,0.0078,50.0
seac,3,2150000,0.0093,0.009,50.0
seac,3,2200000,0.0087,0.0104,50.0
seac,3,2250000,0.0107,0.0067,50.0
seac,3,2300000,0.01,0.0079,50.0
seac,3,2350000,0.0117,0.0086,50.0
seac,3,2400000,0.0107,0.0099,50.0
seac,3,2450000,0.0099,0.0086,50.0
seac,3,2500000,0.0083,0.0093,50.0
seac,3,2550000,0.0103,0.0099,50.0
seac,3,2600000,0.0104,0.0069,50.0
seac,3,2650000,0.011,0.008,50.0
seac,3,2700000,0.0106,0.008,50.0
seac,3,2750000,0.0091,0.0081,50.0
seac,3,2800000,0.0085,0.0089,50.0
seac,3,2850000,0.0075,0.0104,50.0
seac,3,2900000,0.0079,0.0066,50.0
seac,3,2950000,0.0084,0.0084,50.0
seac,3,3000000,0.0089,0.0065,50.0
seac,4,50000,0.0395,0.0223,50.0
seac,4,100000,0.03,0.0282,50.0
seac,4,150000,0.0307,0.01,50.0
seac,4,200000,0.023,0.0,50.0
seac,4,250000,0.0184,0.0,50.0
seac,4,300000,0.0105,0.0,50.0
seac,4,350000,0.0064,0.0,50.0
seac,4,400000,0.0,0.0,50.0
seac,4,450000,0.0,0.0,50.0
seac,4,500000,0.0,0.0,50.0
seac,4,550000,0.0,0.0075,50.0
seac,4,600000,0.0017,0.0068,50.0
seac,4,650000,0.0036,0.0099,50.0
seac,4,700000,0.0065,0.0109,50.0
seac,4,750000,0.0084,0.0088,50.0
seac,4,800000,0.0094,0.0073,50.0
seac,4,850000,0.0096,0.0063,50.0
seac,4,900000,0.0098,0.0093,50.0
seac,4,950000,0.0095,0.0093,50.0
seac,4,1000000,0.0079,0.0069,50.0
seac,4,1050000,0.0078,0.0084,50.0
seac,4,1100000,0.0087,0.0074,50.0
seac,4,1150000,0.0094,0.0071,50.0
seac,4,1200000,0.0084,0.0086,50.0
seac,4,1250000,0.0092,0.0045,50.0
seac,4,1300000,0.0087,0.0031,50.0
seac,4,1350000,0.0058,0.0014,50.0
seac,4,1400000,0.0034,0.0134,50.0
seac,4,1450000,0.0045,0.01,50.0
seac,4,1500000,0.0043,0.0086,50.0
seac,4,1550000,0.005,0.0091,50.0
seac,4,1600000,0.0073,0.0082,50.0
seac,4,1650000,0.0085,0.0066,50.0
seac,4,1700000,0.0072,0.0059,50.0
seac,4,1750000,0.0103,0.0041,50.0
seac,4,1800000,0.0092,0.0,50.0
seac,4,1850000,0.007,0.0,50.0
seac,4,1900000,0.0055,0.0022,50.0
seac,4,1950000,0.0043,0.0026,50.0
seac,4,2000000,0.0029,0.009,50.0
seac,4,2050000,0.0034,0.0079,50.0
seac,4,2100000,0.0045,0.01,50.0
seac,4,2150000,0.0071,0.0077,50.0
seac,4,2200000,0.0097,0.0077,50.0
seac,4,2250000,0.0098,0.0108,50.0
seac,4,2300000,0.012,0.0073,50.0
seac,4,2350000,0.0128,0.0058,50.0
seac,4,2400000,0.0135,0.0089,50.0
seac,4,2450000,0.0124,0.0073,50.0
seac,4,2500000,0.0117,0.0076,50.0
seac,4,2550000,0.0111,0.0085,50.0
seac,4,2600000,0.0115,0.0089,50.0
seac,4,2650000,0.0091,0.0092,50.0
seac,4,2700000,0.009,0.008,50.0
seac,4,2750000,0.0097,0.0057,50.0
seac,4,2800000,0.0099,0.008,50.0
seac,4,2850000,0.0084,0.0071,50.0
seac,4,2900000,0.0088,0.0065,50.0
seac,4,2950000,0.0096,0.0092,50.0
seac,4,3000000,0.0091,0.0078,50.0
